  0
SECTION
  2
HEADER
  9
$ACADVER
  1
AC1015
  9
$ACADMAINTVER
 70
    20
  9
$DWGCODEPAGE
  3
ANSI_1253
  9
$INSBASE
 10
0.0
 20
0.0
 30
0.0
  9
$EXTMIN
 10
-909.9999999999996
 20
0.0
 30
0.0
  9
$EXTMAX
 10
733.0999999999996
 20
1087.48
 30
0.0
  9
$LIMMIN
 10
-60000.0
 20
-60000.0
  9
$LIMMAX
 10
60000.0
 20
60000.0
  9
$ORTHOMODE
 70
     1
  9
$REGENMODE
 70
     1
  9
$FILLMODE
 70
     1
  9
$QTEXTMODE
 70
     0
  9
$MIRRTEXT
 70
     0
  9
$LTSCALE
 40
1.0
  9
$ATTMODE
 70
     1
  9
$TEXTSIZE
 40
0.2
  9
$TRACEWID
 40
0.05
  9
$TEXTSTYLE
  7
STANDARD
  9
$CLAYER
  8
0
  9
$CELTYPE
  6
CONTINUOUS
  9
$CECOLOR
 62
   256
  9
$CELTSCALE
 40
1.0
  9
$DISPSILH
 70
     0
  9
$DIMSCALE
 40
1.0
  9
$DIMASZ
 40
0.18
  9
$DIMEXO
 40
0.0625
  9
$DIMDLI
 40
0.38
  9
$DIMRND
 40
0.0
  9
$DIMDLE
 40
0.0
  9
$DIMEXE
 40
0.18
  9
$DIMTP
 40
0.0
  9
$DIMTM
 40
0.0
  9
$DIMTXT
 40
0.18
  9
$DIMCEN
 40
0.09
  9
$DIMTSZ
 40
0.0
  9
$DIMTOL
 70
     0
  9
$DIMLIM
 70
     0
  9
$DIMTIH
 70
     1
  9
$DIMTOH
 70
     1
  9
$DIMSE1
 70
     0
  9
$DIMSE2
 70
     0
  9
$DIMTAD
 70
     0
  9
$DIMZIN
 70
     0
  9
$DIMBLK
  1

  9
$DIMASO
 70
     1
  9
$DIMSHO
 70
     1
  9
$DIMPOST
  1

  9
$DIMAPOST
  1

  9
$DIMALT
 70
     0
  9
$DIMALTD
 70
     2
  9
$DIMALTF
 40
25.4
  9
$DIMLFAC
 40
1.0
  9
$DIMTOFL
 70
     0
  9
$DIMTVP
 40
0.0
  9
$DIMTIX
 70
     0
  9
$DIMSOXD
 70
     0
  9
$DIMSAH
 70
     0
  9
$DIMBLK1
  1

  9
$DIMBLK2
  1

  9
$DIMSTYLE
  2
Standard
  9
$DIMCLRD
 70
     0
  9
$DIMCLRE
 70
     0
  9
$DIMCLRT
 70
     0
  9
$DIMTFAC
 40
1.0
  9
$DIMGAP
 40
0.09
  9
$DIMJUST
 70
     0
  9
$DIMSD1
 70
     0
  9
$DIMSD2
 70
     0
  9
$DIMTOLJ
 70
     1
  9
$DIMTZIN
 70
     0
  9
$DIMALTZ
 70
     0
  9
$DIMALTTZ
 70
     0
  9
$DIMUPT
 70
     0
  9
$DIMDEC
 70
     4
  9
$DIMTDEC
 70
     4
  9
$DIMALTU
 70
     2
  9
$DIMALTTD
 70
     2
  9
$DIMTXSTY
  7
STANDARD
  9
$DIMAUNIT
 70
     0
  9
$DIMADEC
 70
     0
  9
$DIMALTRND
 40
0.0
  9
$DIMAZIN
 70
     0
  9
$DIMDSEP
 70
    46
  9
$DIMATFIT
 70
     3
  9
$DIMFRAC
 70
     0
  9
$DIMLDRBLK
  1

  9
$DIMLUNIT
 70
     2
  9
$DIMLWD
 70
    -2
  9
$DIMLWE
 70
    -2
  9
$DIMTMOVE
 70
     0
  9
$LUNITS
 70
     2
  9
$LUPREC
 70
     4
  9
$SKETCHINC
 40
0.1
  9
$FILLETRAD
 40
0.0
  9
$AUNITS
 70
     0
  9
$AUPREC
 70
     0
  9
$MENU
  1
.
  9
$ELEVATION
 40
0.0
  9
$PELEVATION
 40
0.0
  9
$THICKNESS
 40
0.0
  9
$LIMCHECK
 70
     0
  9
$CHAMFERA
 40
0.0
  9
$CHAMFERB
 40
0.0
  9
$CHAMFERC
 40
0.0
  9
$CHAMFERD
 40
0.0
  9
$SKPOLY
 70
     0
  9
$TDCREATE
 40
2456315.397357269
  9
$TDUCREATE
 40
2456315.314023935
  9
$TDUPDATE
 40
2456331.472370174
  9
$TDUUPDATE
 40
2456331.389036840
  9
$TDINDWG
 40
0.3208668634
  9
$TDUSRTIMER
 40
0.3208478241
  9
$USRTIMER
 70
     1
  9
$ANGBASE
 50
0.0
  9
$ANGDIR
 70
     0
  9
$PDMODE
 70
     0
  9
$PDSIZE
 40
0.0
  9
$PLINEWID
 40
0.0
  9
$SPLFRAME
 70
     0
  9
$SPLINETYPE
 70
     6
  9
$SPLINESEGS
 70
     8
  9
$HANDSEED
  5
4FC
  9
$SURFTAB1
 70
     6
  9
$SURFTAB2
 70
     6
  9
$SURFTYPE
 70
     6
  9
$SURFU
 70
     6
  9
$SURFV
 70
     6
  9
$UCSBASE
  2

  9
$UCSNAME
  2

  9
$UCSORG
 10
0.0
 20
0.0
 30
0.0
  9
$UCSXDIR
 10
1.0
 20
0.0
 30
0.0
  9
$UCSYDIR
 10
0.0
 20
1.0
 30
0.0
  9
$UCSORTHOREF
  2

  9
$UCSORTHOVIEW
 70
     0
  9
$UCSORGTOP
 10
0.0
 20
0.0
 30
0.0
  9
$UCSORGBOTTOM
 10
0.0
 20
0.0
 30
0.0
  9
$UCSORGLEFT
 10
0.0
 20
0.0
 30
0.0
  9
$UCSORGRIGHT
 10
0.0
 20
0.0
 30
0.0
  9
$UCSORGFRONT
 10
0.0
 20
0.0
 30
0.0
  9
$UCSORGBACK
 10
0.0
 20
0.0
 30
0.0
  9
$PUCSBASE
  2

  9
$PUCSNAME
  2

  9
$PUCSORG
 10
0.0
 20
0.0
 30
0.0
  9
$PUCSXDIR
 10
1.0
 20
0.0
 30
0.0
  9
$PUCSYDIR
 10
0.0
 20
1.0
 30
0.0
  9
$PUCSORTHOREF
  2

  9
$PUCSORTHOVIEW
 70
     0
  9
$PUCSORGTOP
 10
0.0
 20
0.0
 30
0.0
  9
$PUCSORGBOTTOM
 10
0.0
 20
0.0
 30
0.0
  9
$PUCSORGLEFT
 10
0.0
 20
0.0
 30
0.0
  9
$PUCSORGRIGHT
 10
0.0
 20
0.0
 30
0.0
  9
$PUCSORGFRONT
 10
0.0
 20
0.0
 30
0.0
  9
$PUCSORGBACK
 10
0.0
 20
0.0
 30
0.0
  9
$USERI1
 70
     0
  9
$USERI2
 70
     0
  9
$USERI3
 70
     0
  9
$USERI4
 70
     0
  9
$USERI5
 70
     0
  9
$USERR1
 40
0.0
  9
$USERR2
 40
0.0
  9
$USERR3
 40
0.0
  9
$USERR4
 40
0.0
  9
$USERR5
 40
0.0
  9
$WORLDVIEW
 70
     1
  9
$SHADEDGE
 70
     3
  9
$SHADEDIF
 70
    70
  9
$TILEMODE
 70
     1
  9
$MAXACTVP
 70
    64
  9
$PINSBASE
 10
0.0
 20
0.0
 30
0.0
  9
$PLIMCHECK
 70
     0
  9
$PEXTMIN
 10
1.000000000000000E+20
 20
1.000000000000000E+20
 30
1.000000000000000E+20
  9
$PEXTMAX
 10
-1.000000000000000E+20
 20
-1.000000000000000E+20
 30
-1.000000000000000E+20
  9
$PLIMMIN
 10
0.0
 20
0.0
  9
$PLIMMAX
 10
12.0
 20
9.0
  9
$UNITMODE
 70
     0
  9
$VISRETAIN
 70
     1
  9
$PLINEGEN
 70
     0
  9
$PSLTSCALE
 70
     1
  9
$TREEDEPTH
 70
  3020
  9
$CMLSTYLE
  2
Standard
  9
$CMLJUST
 70
     0
  9
$CMLSCALE
 40
1.0
  9
$PROXYGRAPHICS
 70
     1
  9
$MEASUREMENT
 70
     0
  9
$CELWEIGHT
370
    -1
  9
$ENDCAPS
280
     0
  9
$JOINSTYLE
280
     0
  9
$LWDISPLAY
290
     0
  9
$INSUNITS
 70
     0
  9
$HYPERLINKBASE
  1

  9
$STYLESHEET
  1

  9
$XEDIT
290
     1
  9
$CEPSNTYPE
380
     0
  9
$PSTYLEMODE
290
     1
  9
$FINGERPRINTGUID
  2
{331508D0-67DE-469A-A0FF-62979BC27519}
  9
$VERSIONGUID
  2
{EDD5E3D3-ED9A-4B41-92B2-8A5695C630E9}
  9
$EXTNAMES
290
     1
  9
$PSVPSCALE
 40
0.0
  9
$OLESTARTUP
290
     0
  0
ENDSEC
  0
SECTION
  2
CLASSES
  0
CLASS
  1
ACDBDICTIONARYWDFLT
  2
AcDbDictionaryWithDefault
  3
ObjectDBX Classes
 90
        0
280
     0
281
     0
  0
CLASS
  1
MATERIAL
  2
AcDbMaterial
  3
ObjectDBX Classes
 90
     1153
280
     0
281
     0
  0
CLASS
  1
VISUALSTYLE
  2
AcDbVisualStyle
  3
ObjectDBX Classes
 90
     4095
280
     0
281
     0
  0
CLASS
  1
SCALE
  2
AcDbScale
  3
ObjectDBX Classes
 90
     1153
280
     0
281
     0
  0
CLASS
  1
TABLESTYLE
  2
AcDbTableStyle
  3
ObjectDBX Classes
 90
     4095
280
     0
281
     0
  0
CLASS
  1
MLEADERSTYLE
  2
AcDbMLeaderStyle
  3
ACDB_MLEADERSTYLE_CLASS
 90
     4095
280
     0
281
     0
  0
CLASS
  1
DICTIONARYVAR
  2
AcDbDictionaryVar
  3
ObjectDBX Classes
 90
        0
280
     0
281
     0
  0
CLASS
  1
CELLSTYLEMAP
  2
AcDbCellStyleMap
  3
ObjectDBX Classes
 90
     1152
280
     0
281
     0
  0
CLASS
  1
ACDBPLACEHOLDER
  2
AcDbPlaceHolder
  3
ObjectDBX Classes
 90
        0
280
     0
281
     0
  0
CLASS
  1
LAYOUT
  2
AcDbLayout
  3
ObjectDBX Classes
 90
        0
280
     0
281
     0
  0
ENDSEC
  0
SECTION
  2
TABLES
  0
TABLE
  2
VPORT
  5
8
330
0
100
AcDbSymbolTable
 70
     1
  0
VPORT
  5
78
330
8
100
AcDbSymbolTableRecord
100
AcDbViewportTableRecord
  2
*Active
 70
     0
 10
0.0
 20
0.0
 11
1.0
 21
1.0
 12
64.60164055328869
 22
402.0531253411325
 13
0.0
 23
0.0
 14
1.0
 24
1.0
 15
0.0
 25
0.0
 16
0.0
 26
0.0
 36
1.0
 17
0.0
 27
0.0
 37
0.0
 40
1212.868796270175
 41
1.72203765227021
 42
50.0
 43
0.0
 44
0.0
 50
0.0
 51
0.0
 71
     0
 72
   100
 73
     1
 74
     1
 75
     0
 76
     0
 77
     0
 78
     0
281
     0
 65
     1
110
0.0
120
0.0
130
0.0
111
1.0
121
0.0
131
0.0
112
0.0
122
1.0
132
0.0
 79
     0
146
0.0
1001
ACAD_NAV_VCDISPLAY
1070
     3
  0
ENDTAB
  0
TABLE
  2
LTYPE
  5
5
330
0
100
AcDbSymbolTable
 70
     9
  0
LTYPE
  5
5A
330
5
100
AcDbSymbolTableRecord
100
AcDbLinetypeTableRecord
  2
ByBlock
 70
     0
  3

 72
    65
 73
     0
 40
0.0
  0
LTYPE
  5
5B
330
5
100
AcDbSymbolTableRecord
100
AcDbLinetypeTableRecord
  2
ByLayer
 70
     0
  3

 72
    65
 73
     0
 40
0.0
  0
LTYPE
  5
5C
330
5
100
AcDbSymbolTableRecord
100
AcDbLinetypeTableRecord
  2
CONTINUOUS
 70
     0
  3
Solid line
 72
    65
 73
     0
 40
0.0
  0
LTYPE
  5
6F
330
5
100
AcDbSymbolTableRecord
100
AcDbLinetypeTableRecord
  2
LTYPE_1
 70
     0
  3
...................
 72
    65
 73
     2
 40
375.0
 49
0.0
 74
     0
 49
-375.0
 74
     0
  0
LTYPE
  5
70
330
5
100
AcDbSymbolTableRecord
100
AcDbLinetypeTableRecord
  2
LTYPE_2
 70
     0
  3
. . . . . . . . . .
 72
    65
 73
     2
 40
750.0
 49
0.0
 74
     0
 49
-750.0
 74
     0
  0
LTYPE
  5
71
330
5
100
AcDbSymbolTableRecord
100
AcDbLinetypeTableRecord
  2
LTYPE_3
 70
     0
  3
-   -   -   -   -
 72
    65
 73
     2
 40
3000.0
 49
750.0
 74
     0
 49
-2250.0
 74
     0
  0
LTYPE
  5
72
330
5
100
AcDbSymbolTableRecord
100
AcDbLinetypeTableRecord
  2
LTYPE_4
 70
     0
  3
--  --  --  --  --
 72
    65
 73
     2
 40
3000.0
 49
1500.0
 74
     0
 49
-1500.0
 74
     0
  0
LTYPE
  5
73
330
5
100
AcDbSymbolTableRecord
100
AcDbLinetypeTableRecord
  2
LTYPE_5
 70
     0
  3
-- . -- . -- . --
 72
    65
 73
     4
 40
3000.0
 49
1500.0
 74
     0
 49
-750.0
 74
     0
 49
0.0
 74
     0
 49
-750.0
 74
     0
  0
LTYPE
  5
74
330
5
100
AcDbSymbolTableRecord
100
AcDbLinetypeTableRecord
  2
LTYPE_6
 70
     0
  3
---- . ---- . ----
 72
    65
 73
     4
 40
4500.0
 49
3000.0
 74
     0
 49
-750.0
 74
     0
 49
0.0
 74
     0
 49
-750.0
 74
     0
  0
LTYPE
  5
75
330
5
100
AcDbSymbolTableRecord
100
AcDbLinetypeTableRecord
  2
LTYPE_7
 70
     0
  3
--- . --- . --- . ---
 72
    65
 73
     4
 40
4500.0
 49
2250.0
 74
     0
 49
-750.0
 74
     0
 49
750.0
 74
     0
 49
-750.0
 74
     0
  0
ENDTAB
  0
TABLE
  2
LAYER
  5
2
330
0
100
AcDbSymbolTable
 70
     2
  0
LAYER
  5
54
102
{ACAD_XDICTIONARY
360
C0
102
}
330
2
100
AcDbSymbolTableRecord
100
AcDbLayerTableRecord
  2
0
 70
     0
 62
     7
  6
CONTINUOUS
370
    -3
390
F
  0
LAYER
  5
76
102
{ACAD_XDICTIONARY
360
C2
102
}
330
2
100
AcDbSymbolTableRecord
100
AcDbLayerTableRecord
  2
BASKET
 70
     0
 62
   147
  6
CONTINUOUS
370
    -3
390
F
  0
ENDTAB
  0
TABLE
  2
STYLE
  5
3
330
0
100
AcDbSymbolTable
 70
     2
  0
STYLE
  5
55
330
3
100
AcDbSymbolTableRecord
100
AcDbTextStyleTableRecord
  2
STANDARD
 70
     0
 40
0.0
 41
1.0
 50
0.0
 71
     0
 42
0.2
  3
txt
  4

  0
STYLE
  5
59
330
3
100
AcDbSymbolTableRecord
100
AcDbTextStyleTableRecord
  2
Annotative
 70
     0
 40
0.0
 41
1.0
 50
0.0
 71
     0
 42
0.2
  3
txt
  4

1001
AcadAnnotative
1000
AnnotativeData
1002
{
1070
     1
1070
     1
1002
}
  0
ENDTAB
  0
TABLE
  2
VIEW
  5
6
330
0
100
AcDbSymbolTable
 70
     0
  0
ENDTAB
  0
TABLE
  2
UCS
  5
7
330
0
100
AcDbSymbolTable
 70
     0
  0
ENDTAB
  0
TABLE
  2
APPID
  5
9
330
0
100
AcDbSymbolTable
 70
     5
  0
APPID
  5
56
330
9
100
AcDbSymbolTableRecord
100
AcDbRegAppTableRecord
  2
ACAD
 70
     0
  0
APPID
  5
5D
330
9
100
AcDbSymbolTableRecord
100
AcDbRegAppTableRecord
  2
AcadAnnotative
 70
     0
  0
APPID
  5
B8
330
9
100
AcDbSymbolTableRecord
100
AcDbRegAppTableRecord
  2
ACAD_EXEMPT_FROM_CAD_STANDARDS
 70
     0
  0
APPID
  5
CC
330
9
100
AcDbSymbolTableRecord
100
AcDbRegAppTableRecord
  2
ACAD_NAV_VCDISPLAY
 70
     0
  0
APPID
  5
105
330
9
100
AcDbSymbolTableRecord
100
AcDbRegAppTableRecord
  2
ACAD_MLEADERVER
 70
     0
  0
ENDTAB
  0
TABLE
  2
DIMSTYLE
  5
A
330
0
100
AcDbSymbolTable
 70
     3
100
AcDbDimStyleTable
 71
     1
340
57
  0
DIMSTYLE
105
57
330
A
100
AcDbSymbolTableRecord
100
AcDbDimStyleTableRecord
  2
Standard
 70
     0
340
55
  0
DIMSTYLE
105
58
330
A
100
AcDbSymbolTableRecord
100
AcDbDimStyleTableRecord
  2
Annotative
 70
     0
340
55
1001
AcadAnnotative
1000
AnnotativeData
1002
{
1070
     1
1070
     1
1002
}
  0
ENDTAB
  0
TABLE
  2
BLOCK_RECORD
  5
1
330
0
100
AcDbSymbolTable
 70
     1
  0
BLOCK_RECORD
  5
6B
330
1
100
AcDbSymbolTableRecord
100
AcDbBlockTableRecord
  2
*Model_Space
340
6E
  0
BLOCK_RECORD
  5
67
330
1
100
AcDbSymbolTableRecord
100
AcDbBlockTableRecord
  2
*Paper_Space
340
6A
  0
ENDTAB
  0
ENDSEC
  0
SECTION
  2
BLOCKS
  0
BLOCK
  5
6C
330
6B
100
AcDbEntity
  8
0
100
AcDbBlockBegin
  2
*Model_Space
 70
     0
 10
0.0
 20
0.0
 30
0.0
  3
*Model_Space
  1

  0
ENDBLK
  5
6D
330
6B
100
AcDbEntity
  8
0
100
AcDbBlockEnd
  0
BLOCK
  5
68
330
67
100
AcDbEntity
 67
     1
  8
0
100
AcDbBlockBegin
  2
*Paper_Space
 70
     0
 10
0.0
 20
0.0
 30
0.0
  3
*Paper_Space
  1

  0
ENDBLK
  5
69
330
67
100
AcDbEntity
 67
     1
  8
0
100
AcDbBlockEnd
  0
ENDSEC
  0
SECTION
  2
ENTITIES
  0
LINE
  5
79
330
6B
100
AcDbEntity
  8
BASKET
 62
   138
100
AcDbLine
 10
-695.0
 20
0.0
 30
0.0
 11
-695.0
 21
101.5999999999999
 31
0.0
  0
LINE
  5
7D
330
6B
100
AcDbEntity
  8
BASKET
 62
   138
100
AcDbLine
 10
-600.0
 20
101.5999999999999
 30
0.0
 11
600.0
 21
101.5999999999999
 31
0.0
  0
LINE
  5
7E
330
6B
100
AcDbEntity
  8
BASKET
 62
   138
100
AcDbLine
 10
-644.1999999999998
 20
0.0
 30
0.0
 11
644.1999999999998
 21
0.0
 31
0.0
  0
LINE
  5
87
330
6B
100
AcDbEntity
  8
BASKET
 62
   138
100
AcDbLine
 10
-695.0
 20
750.0
 30
0.0
 11
-644.1999999999998
 21
750.0
 31
0.0
  0
LINE
  5
88
330
6B
100
AcDbEntity
  8
BASKET
 62
   138
100
AcDbLine
 10
-644.1999999999998
 20
0.0
 30
0.0
 11
-644.1999999999998
 21
750.0
 31
0.0
  0
LINE
  5
8A
330
6B
100
AcDbEntity
  8
BASKET
 62
   138
100
AcDbLine
 10
-718.0
 20
650.0
 30
0.0
 11
-718.0
 21
850.0
 31
0.0
  0
LINE
  5
8C
330
6B
100
AcDbEntity
  8
BASKET
 62
   138
100
AcDbLine
 10
-718.0
 20
850.0
 30
0.0
 11
-698.0
 21
850.0
 31
0.0
  0
LINE
  5
8D
330
6B
100
AcDbEntity
  8
BASKET
 62
   138
100
AcDbLine
 10
-698.0
 20
650.0
 30
0.0
 11
-698.0
 21
850.0
 31
0.0
  0
LINE
  5
8F
330
6B
100
AcDbEntity
  8
BASKET
 62
   138
100
AcDbLine
 10
-695.0
 20
101.5999999999999
 30
0.0
 11
-695.0
 21
750.0
 31
0.0
  0
LINE
  5
91
330
6B
100
AcDbEntity
  8
BASKET
  6
LTYPE_1
 62
   138
100
AcDbLine
 10
-698.0
 20
822.4999999999999
 30
0.0
 11
-718.0
 21
822.4999999999999
 31
0.0
  0
LINE
  5
93
330
6B
100
AcDbEntity
  8
BASKET
 62
   138
100
AcDbLine
 10
-698.0
 20
855.0
 30
0.0
 11
-718.0
 21
889.6410159999996
 31
0.0
  0
LINE
  5
94
330
6B
100
AcDbEntity
  8
BASKET
 62
   138
100
AcDbLine
 10
-718.0
 20
889.6410159999996
 30
0.0
 11
-726.6602540000003
 21
884.6410159999997
 31
0.0
  0
LINE
  5
95
330
6B
100
AcDbEntity
  8
BASKET
 62
   138
100
AcDbLine
 10
-706.6602540000003
 20
850.0
 30
0.0
 11
-726.6602540000003
 21
884.6410159999997
 31
0.0
  0
LINE
  5
96
330
6B
100
AcDbEntity
  8
BASKET
 62
   138
100
AcDbLine
 10
-698.0
 20
855.0
 30
0.0
 11
-706.6602540000003
 21
850.0
 31
0.0
  0
LINE
  5
97
330
6B
100
AcDbEntity
  8
BASKET
 62
   138
100
AcDbLine
 10
-733.0999999999996
 20
645.0
 30
0.0
 11
-695.0
 21
645.0
 31
0.0
  0
LINE
  5
98
330
6B
100
AcDbEntity
  8
BASKET
 62
   138
100
AcDbLine
 10
-733.0999999999996
 20
568.8000000000001
 30
0.0
 11
-733.0999999999996
 21
645.0
 31
0.0
  0
LINE
  5
99
330
6B
100
AcDbEntity
  8
BASKET
 62
   138
100
AcDbLine
 10
-733.0999999999996
 20
568.8000000000001
 30
0.0
 11
-695.0
 21
568.8000000000001
 31
0.0
  0
LINE
  5
AF
330
6B
100
AcDbEntity
  8
BASKET
 62
   138
100
AcDbLine
 10
-600.0
 20
117.48
 30
0.0
 11
600.0
 21
117.48
 31
0.0
  0
LINE
  5
B0
330
6B
100
AcDbEntity
  8
BASKET
 62
   138
100
AcDbLine
 10
-600.0
 20
117.48
 30
0.0
 11
-600.0
 21
101.5999999999999
 31
0.0
  0
LINE
  5
B2
330
6B
100
AcDbEntity
  8
BASKET
 62
   138
100
AcDbLine
 10
-695.0
 20
0.0
 30
0.0
 11
-644.1999999999998
 21
0.0
 31
0.0
  0
LINE
  5
10E
330
6B
100
AcDbEntity
  8
BASKET
 62
   138
100
AcDbLine
 10
-718.0
 20
650.0
 30
0.0
 11
-698.0
 21
650.0
 31
0.0
  0
LINE
  5
10F
330
6B
100
AcDbEntity
  8
BASKET
 62
   138
100
AcDbLine
 10
-695.0
 20
568.8000000000001
 30
0.0
 11
-695.0
 21
645.0
 31
0.0
  0
LINE
  5
116
330
6B
100
AcDbEntity
  8
BASKET
 62
   138
100
AcDbLine
 10
-644.1999999999998
 20
71.59999999999991
 30
0.0
 11
-644.1999999999998
 21
101.5999999999999
 31
0.0
  0
LINE
  5
119
330
6B
100
AcDbEntity
  8
BASKET
 62
   138
100
AcDbLine
 10
644.1999999999998
 20
101.5999999999999
 30
0.0
 11
-644.1999999999998
 21
101.5999999999999
 31
0.0
  0
LINE
  5
12B
330
6B
100
AcDbEntity
  8
BASKET
 62
   138
100
AcDbLine
 10
-644.1999999999998
 20
0.0
 30
0.0
 11
-644.1999999999998
 21
101.5999999999999
 31
0.0
  0
LINE
  5
132
330
6B
100
AcDbEntity
  8
BASKET
 62
   138
100
AcDbLine
 10
695.0
 20
0.0
 30
0.0
 11
695.0
 21
101.5999999999999
 31
0.0
  0
LINE
  5
135
330
6B
100
AcDbEntity
  8
BASKET
 62
   138
100
AcDbLine
 10
695.0
 20
750.0
 30
0.0
 11
644.1999999999998
 21
750.0
 31
0.0
  0
LINE
  5
136
330
6B
100
AcDbEntity
  8
BASKET
 62
   138
100
AcDbLine
 10
644.1999999999998
 20
0.0
 30
0.0
 11
644.1999999999998
 21
750.0
 31
0.0
  0
LINE
  5
137
330
6B
100
AcDbEntity
  8
BASKET
 62
   138
100
AcDbLine
 10
718.0
 20
650.0
 30
0.0
 11
718.0
 21
850.0
 31
0.0
  0
LINE
  5
138
330
6B
100
AcDbEntity
  8
BASKET
 62
   138
100
AcDbLine
 10
718.0
 20
850.0
 30
0.0
 11
698.0
 21
850.0
 31
0.0
  0
LINE
  5
139
330
6B
100
AcDbEntity
  8
BASKET
 62
   138
100
AcDbLine
 10
698.0
 20
650.0
 30
0.0
 11
698.0
 21
850.0
 31
0.0
  0
LINE
  5
13A
330
6B
100
AcDbEntity
  8
BASKET
 62
   138
100
AcDbLine
 10
695.0
 20
101.5999999999999
 30
0.0
 11
695.0
 21
750.0
 31
0.0
  0
LINE
  5
13B
330
6B
100
AcDbEntity
  8
BASKET
  6
LTYPE_1
 62
   138
100
AcDbLine
 10
698.0
 20
822.4999999999999
 30
0.0
 11
718.0
 21
822.4999999999999
 31
0.0
  0
LINE
  5
13C
330
6B
100
AcDbEntity
  8
BASKET
 62
   138
100
AcDbLine
 10
698.0
 20
855.0
 30
0.0
 11
718.0
 21
889.6410159999996
 31
0.0
  0
LINE
  5
13D
330
6B
100
AcDbEntity
  8
BASKET
 62
   138
100
AcDbLine
 10
718.0
 20
889.6410159999996
 30
0.0
 11
726.6602540000003
 21
884.6410159999997
 31
0.0
  0
LINE
  5
13E
330
6B
100
AcDbEntity
  8
BASKET
 62
   138
100
AcDbLine
 10
706.6602540000003
 20
850.0
 30
0.0
 11
726.6602540000003
 21
884.6410159999997
 31
0.0
  0
LINE
  5
13F
330
6B
100
AcDbEntity
  8
BASKET
 62
   138
100
AcDbLine
 10
698.0
 20
855.0
 30
0.0
 11
706.6602540000003
 21
850.0
 31
0.0
  0
LINE
  5
140
330
6B
100
AcDbEntity
  8
BASKET
 62
   138
100
AcDbLine
 10
733.0999999999996
 20
645.0
 30
0.0
 11
695.0
 21
645.0
 31
0.0
  0
LINE
  5
141
330
6B
100
AcDbEntity
  8
BASKET
 62
   138
100
AcDbLine
 10
733.0999999999996
 20
568.8000000000001
 30
0.0
 11
733.0999999999996
 21
645.0
 31
0.0
  0
LINE
  5
142
330
6B
100
AcDbEntity
  8
BASKET
 62
   138
100
AcDbLine
 10
733.0999999999996
 20
568.8000000000001
 30
0.0
 11
695.0
 21
568.8000000000001
 31
0.0
  0
LINE
  5
144
330
6B
100
AcDbEntity
  8
BASKET
 62
   138
100
AcDbLine
 10
600.0
 20
117.48
 30
0.0
 11
600.0
 21
101.5999999999999
 31
0.0
  0
LINE
  5
145
330
6B
100
AcDbEntity
  8
BASKET
 62
   138
100
AcDbLine
 10
695.0
 20
0.0
 30
0.0
 11
644.1999999999998
 21
0.0
 31
0.0
  0
LINE
  5
146
330
6B
100
AcDbEntity
  8
BASKET
 62
   138
100
AcDbLine
 10
718.0
 20
650.0
 30
0.0
 11
698.0
 21
650.0
 31
0.0
  0
LINE
  5
147
330
6B
100
AcDbEntity
  8
BASKET
 62
   138
100
AcDbLine
 10
695.0
 20
568.8000000000001
 30
0.0
 11
695.0
 21
645.0
 31
0.0
  0
LINE
  5
148
330
6B
100
AcDbEntity
  8
BASKET
 62
   138
100
AcDbLine
 10
644.1999999999998
 20
71.59999999999991
 30
0.0
 11
644.1999999999998
 21
101.5999999999999
 31
0.0
  0
LINE
  5
14A
330
6B
100
AcDbEntity
  8
BASKET
 62
   138
100
AcDbLine
 10
644.1999999999998
 20
0.0
 30
0.0
 11
644.1999999999998
 21
101.5999999999999
 31
0.0
  0
LINE
  5
27B
330
6B
100
AcDbEntity
  8
BASKET
 62
     7
100
AcDbLine
 10
-649.9999999699999
 20
101.6000000999997
 30
0.0
 11
-649.9999999699999
 21
750.0000000999997
 31
0.0
  0
LINE
  5
27C
330
6B
100
AcDbEntity
  8
BASKET
 62
     7
100
AcDbLine
 10
-659.9999999699997
 20
101.6000000999997
 30
0.0
 11
-659.9999999699997
 21
750.0000000999997
 31
0.0
  0
LINE
  5
27D
330
6B
100
AcDbEntity
  8
BASKET
 62
     7
100
AcDbLine
 10
-659.9999999699997
 20
174.4999999999997
 30
0.0
 11
-649.9999999699999
 21
174.4999999999997
 31
0.0
  0
LINE
  5
27E
330
6B
100
AcDbEntity
  8
BASKET
 62
     7
100
AcDbLine
 10
-659.9999999699997
 20
169.0000835999998
 30
0.0
 11
-649.9999999699999
 21
169.0000835999998
 31
0.0
  0
LINE
  5
27F
330
6B
100
AcDbEntity
  8
BASKET
 62
     7
100
AcDbLine
 10
-659.9999999699997
 20
156.8115733999998
 30
0.0
 11
-649.9999999699999
 21
156.8115733999998
 31
0.0
  0
LINE
  5
280
330
6B
100
AcDbEntity
  8
BASKET
 62
     7
100
AcDbLine
 10
-659.9999999699997
 20
122.9999999999997
 30
0.0
 11
-649.9999999699999
 21
122.9999999999997
 31
0.0
  0
LINE
  5
281
330
6B
100
AcDbEntity
  8
BASKET
 62
     7
100
AcDbLine
 10
-659.9999999699997
 20
118.9999999999997
 30
0.0
 11
-649.9999999699999
 21
118.9999999999997
 31
0.0
  0
LINE
  5
282
330
6B
100
AcDbEntity
  8
BASKET
 62
     7
100
AcDbLine
 10
-659.9999999699997
 20
224.5000000099998
 30
0.0
 11
-649.9999999699999
 21
224.5000000099998
 31
0.0
  0
LINE
  5
283
330
6B
100
AcDbEntity
  8
BASKET
 62
     7
100
AcDbLine
 10
-659.9999999699997
 20
219.0000836099998
 30
0.0
 11
-649.9999999699999
 21
219.0000836099998
 31
0.0
  0
LINE
  5
284
330
6B
100
AcDbEntity
  8
BASKET
 62
     7
100
AcDbLine
 10
-659.9999999699997
 20
206.8115733599998
 30
0.0
 11
-649.9999999699999
 21
206.8115733599998
 31
0.0
  0
LINE
  5
285
330
6B
100
AcDbEntity
  8
BASKET
 62
     7
100
AcDbLine
 10
-659.9999999699997
 20
274.50000001
 30
0.0
 11
-649.9999999699999
 21
274.50000001
 31
0.0
  0
LINE
  5
286
330
6B
100
AcDbEntity
  8
BASKET
 62
     7
100
AcDbLine
 10
-659.9999999699997
 20
269.0000836099998
 30
0.0
 11
-649.9999999699999
 21
269.0000836099998
 31
0.0
  0
LINE
  5
287
330
6B
100
AcDbEntity
  8
BASKET
 62
     7
100
AcDbLine
 10
-659.9999999699997
 20
256.8115733599998
 30
0.0
 11
-649.9999999699999
 21
256.8115733599998
 31
0.0
  0
LINE
  5
288
330
6B
100
AcDbEntity
  8
BASKET
 62
     7
100
AcDbLine
 10
-659.9999999699997
 20
324.5000000099999
 30
0.0
 11
-649.9999999699999
 21
324.5000000099999
 31
0.0
  0
LINE
  5
289
330
6B
100
AcDbEntity
  8
BASKET
 62
     7
100
AcDbLine
 10
-659.9999999699997
 20
319.0000836099998
 30
0.0
 11
-649.9999999699999
 21
319.0000836099998
 31
0.0
  0
LINE
  5
28A
330
6B
100
AcDbEntity
  8
BASKET
 62
     7
100
AcDbLine
 10
-659.9999999699997
 20
306.8115733599998
 30
0.0
 11
-649.9999999699999
 21
306.8115733599998
 31
0.0
  0
LINE
  5
28B
330
6B
100
AcDbEntity
  8
BASKET
 62
     7
100
AcDbLine
 10
-659.9999999699997
 20
374.5000000099998
 30
0.0
 11
-649.9999999699999
 21
374.5000000099998
 31
0.0
  0
LINE
  5
28C
330
6B
100
AcDbEntity
  8
BASKET
 62
     7
100
AcDbLine
 10
-659.9999999699997
 20
369.0000836099998
 30
0.0
 11
-649.9999999699999
 21
369.0000836099998
 31
0.0
  0
LINE
  5
28D
330
6B
100
AcDbEntity
  8
BASKET
 62
     7
100
AcDbLine
 10
-659.9999999699997
 20
356.8115733599999
 30
0.0
 11
-649.9999999699999
 21
356.8115733599999
 31
0.0
  0
LINE
  5
28E
330
6B
100
AcDbEntity
  8
BASKET
 62
     7
100
AcDbLine
 10
-659.9999999699997
 20
424.4999999999997
 30
0.0
 11
-649.9999999699999
 21
424.4999999999997
 31
0.0
  0
LINE
  5
28F
330
6B
100
AcDbEntity
  8
BASKET
 62
     7
100
AcDbLine
 10
-659.9999999699997
 20
419.0000835999998
 30
0.0
 11
-649.9999999699999
 21
419.0000835999998
 31
0.0
  0
LINE
  5
290
330
6B
100
AcDbEntity
  8
BASKET
 62
     7
100
AcDbLine
 10
-659.9999999699997
 20
406.8115733999999
 30
0.0
 11
-649.9999999699999
 21
406.8115733999999
 31
0.0
  0
LINE
  5
291
330
6B
100
AcDbEntity
  8
BASKET
 62
     7
100
AcDbLine
 10
-659.9999999699997
 20
474.4999999999997
 30
0.0
 11
-649.9999999699999
 21
474.4999999999997
 31
0.0
  0
LINE
  5
292
330
6B
100
AcDbEntity
  8
BASKET
 62
     7
100
AcDbLine
 10
-659.9999999699997
 20
469.0000835999998
 30
0.0
 11
-649.9999999699999
 21
469.0000835999998
 31
0.0
  0
LINE
  5
293
330
6B
100
AcDbEntity
  8
BASKET
 62
     7
100
AcDbLine
 10
-659.9999999699997
 20
456.8115733999999
 30
0.0
 11
-649.9999999699999
 21
456.8115733999999
 31
0.0
  0
LINE
  5
294
330
6B
100
AcDbEntity
  8
BASKET
 62
     7
100
AcDbLine
 10
-659.9999999699997
 20
524.4999999999996
 30
0.0
 11
-649.9999999699999
 21
524.4999999999996
 31
0.0
  0
LINE
  5
295
330
6B
100
AcDbEntity
  8
BASKET
 62
     7
100
AcDbLine
 10
-659.9999999699997
 20
519.0000835999998
 30
0.0
 11
-649.9999999699999
 21
519.0000835999998
 31
0.0
  0
LINE
  5
296
330
6B
100
AcDbEntity
  8
BASKET
 62
     7
100
AcDbLine
 10
-659.9999999699997
 20
506.8115733999999
 30
0.0
 11
-649.9999999699999
 21
506.8115733999999
 31
0.0
  0
LINE
  5
297
330
6B
100
AcDbEntity
  8
BASKET
 62
     7
100
AcDbLine
 10
-659.9999999699997
 20
574.5
 30
0.0
 11
-649.9999999699999
 21
574.5
 31
0.0
  0
LINE
  5
298
330
6B
100
AcDbEntity
  8
BASKET
 62
     7
100
AcDbLine
 10
-659.9999999699997
 20
569.0000835999998
 30
0.0
 11
-649.9999999699999
 21
569.0000835999998
 31
0.0
  0
LINE
  5
299
330
6B
100
AcDbEntity
  8
BASKET
 62
     7
100
AcDbLine
 10
-659.9999999699997
 20
556.8115733999998
 30
0.0
 11
-649.9999999699999
 21
556.8115733999998
 31
0.0
  0
LINE
  5
29A
330
6B
100
AcDbEntity
  8
BASKET
 62
     7
100
AcDbLine
 10
-659.9999999699997
 20
624.5
 30
0.0
 11
-649.9999999699999
 21
624.5
 31
0.0
  0
LINE
  5
29B
330
6B
100
AcDbEntity
  8
BASKET
 62
     7
100
AcDbLine
 10
-659.9999999699997
 20
619.0000835999998
 30
0.0
 11
-649.9999999699999
 21
619.0000835999998
 31
0.0
  0
LINE
  5
29C
330
6B
100
AcDbEntity
  8
BASKET
 62
     7
100
AcDbLine
 10
-659.9999999699997
 20
606.8115733999998
 30
0.0
 11
-649.9999999699999
 21
606.8115733999998
 31
0.0
  0
LINE
  5
29D
330
6B
100
AcDbEntity
  8
BASKET
 62
     7
100
AcDbLine
 10
-659.9999999699997
 20
674.5
 30
0.0
 11
-649.9999999699999
 21
674.5
 31
0.0
  0
LINE
  5
29E
330
6B
100
AcDbEntity
  8
BASKET
 62
     7
100
AcDbLine
 10
-659.9999999699997
 20
669.0000835999998
 30
0.0
 11
-649.9999999699999
 21
669.0000835999998
 31
0.0
  0
LINE
  5
29F
330
6B
100
AcDbEntity
  8
BASKET
 62
     7
100
AcDbLine
 10
-659.9999999699997
 20
656.8115733999998
 30
0.0
 11
-649.9999999699999
 21
656.8115733999998
 31
0.0
  0
LINE
  5
2A0
330
6B
100
AcDbEntity
  8
BASKET
 62
     7
100
AcDbLine
 10
-659.9999999699997
 20
724.5
 30
0.0
 11
-649.9999999699999
 21
724.5
 31
0.0
  0
LINE
  5
2A1
330
6B
100
AcDbEntity
  8
BASKET
 62
     7
100
AcDbLine
 10
-659.9999999699997
 20
719.0000835999996
 30
0.0
 11
-649.9999999699999
 21
719.0000835999996
 31
0.0
  0
LINE
  5
2A2
330
6B
100
AcDbEntity
  8
BASKET
 62
     7
100
AcDbLine
 10
-659.9999999699997
 20
706.8115733999997
 30
0.0
 11
-649.9999999699999
 21
706.8115733999997
 31
0.0
  0
LINE
  5
2A4
330
6B
100
AcDbEntity
  8
BASKET
 62
     7
100
AcDbLine
 10
-659.9999999699997
 20
101.6000000999997
 30
0.0
 11
-649.9999999699999
 21
101.6000000999997
 31
0.0
  0
LINE
  5
2A5
330
6B
100
AcDbEntity
  8
BASKET
 62
     7
100
AcDbLine
 10
649.9999999699999
 20
101.6000000999997
 30
0.0
 11
649.9999999699999
 21
750.0000000999997
 31
0.0
  0
LINE
  5
2A6
330
6B
100
AcDbEntity
  8
BASKET
 62
     7
100
AcDbLine
 10
659.9999999699997
 20
101.6000000999997
 30
0.0
 11
659.9999999699997
 21
750.0000000999997
 31
0.0
  0
LINE
  5
301
330
6B
100
AcDbEntity
  8
BASKET
 62
     7
100
AcDbLine
 10
649.9999999699999
 20
101.6000000999997
 30
0.0
 11
659.9999999699997
 21
101.6000000999997
 31
0.0
  0
LINE
  5
30C
330
6B
100
AcDbEntity
  8
BASKET
 62
     7
100
AcDbLine
 10
659.9999999699997
 20
174.4999999999997
 30
0.0
 11
649.9999999699999
 21
174.4999999999997
 31
0.0
  0
LINE
  5
30D
330
6B
100
AcDbEntity
  8
BASKET
 62
     7
100
AcDbLine
 10
659.9999999699997
 20
169.0000835999998
 30
0.0
 11
649.9999999699999
 21
169.0000835999998
 31
0.0
  0
LINE
  5
30E
330
6B
100
AcDbEntity
  8
BASKET
 62
     7
100
AcDbLine
 10
659.9999999699997
 20
156.8115733999998
 30
0.0
 11
649.9999999699999
 21
156.8115733999998
 31
0.0
  0
LINE
  5
30F
330
6B
100
AcDbEntity
  8
BASKET
 62
     7
100
AcDbLine
 10
659.9999999699997
 20
122.9999999999997
 30
0.0
 11
649.9999999699999
 21
122.9999999999997
 31
0.0
  0
LINE
  5
310
330
6B
100
AcDbEntity
  8
BASKET
 62
     7
100
AcDbLine
 10
659.9999999699997
 20
118.9999999999997
 30
0.0
 11
649.9999999699999
 21
118.9999999999997
 31
0.0
  0
LINE
  5
311
330
6B
100
AcDbEntity
  8
BASKET
 62
     7
100
AcDbLine
 10
659.9999999699997
 20
224.5000000099998
 30
0.0
 11
649.9999999699999
 21
224.5000000099998
 31
0.0
  0
LINE
  5
312
330
6B
100
AcDbEntity
  8
BASKET
 62
     7
100
AcDbLine
 10
659.9999999699997
 20
219.0000836099998
 30
0.0
 11
649.9999999699999
 21
219.0000836099998
 31
0.0
  0
LINE
  5
313
330
6B
100
AcDbEntity
  8
BASKET
 62
     7
100
AcDbLine
 10
659.9999999699997
 20
206.8115733599998
 30
0.0
 11
649.9999999699999
 21
206.8115733599998
 31
0.0
  0
LINE
  5
314
330
6B
100
AcDbEntity
  8
BASKET
 62
     7
100
AcDbLine
 10
659.9999999699997
 20
274.50000001
 30
0.0
 11
649.9999999699999
 21
274.50000001
 31
0.0
  0
LINE
  5
315
330
6B
100
AcDbEntity
  8
BASKET
 62
     7
100
AcDbLine
 10
659.9999999699997
 20
269.0000836099998
 30
0.0
 11
649.9999999699999
 21
269.0000836099998
 31
0.0
  0
LINE
  5
316
330
6B
100
AcDbEntity
  8
BASKET
 62
     7
100
AcDbLine
 10
659.9999999699997
 20
256.8115733599998
 30
0.0
 11
649.9999999699999
 21
256.8115733599998
 31
0.0
  0
LINE
  5
317
330
6B
100
AcDbEntity
  8
BASKET
 62
     7
100
AcDbLine
 10
659.9999999699997
 20
324.5000000099999
 30
0.0
 11
649.9999999699999
 21
324.5000000099999
 31
0.0
  0
LINE
  5
318
330
6B
100
AcDbEntity
  8
BASKET
 62
     7
100
AcDbLine
 10
659.9999999699997
 20
319.0000836099998
 30
0.0
 11
649.9999999699999
 21
319.0000836099998
 31
0.0
  0
LINE
  5
319
330
6B
100
AcDbEntity
  8
BASKET
 62
     7
100
AcDbLine
 10
659.9999999699997
 20
306.8115733599998
 30
0.0
 11
649.9999999699999
 21
306.8115733599998
 31
0.0
  0
LINE
  5
31A
330
6B
100
AcDbEntity
  8
BASKET
 62
     7
100
AcDbLine
 10
659.9999999699997
 20
374.5000000099998
 30
0.0
 11
649.9999999699999
 21
374.5000000099998
 31
0.0
  0
LINE
  5
31B
330
6B
100
AcDbEntity
  8
BASKET
 62
     7
100
AcDbLine
 10
659.9999999699997
 20
369.0000836099998
 30
0.0
 11
649.9999999699999
 21
369.0000836099998
 31
0.0
  0
LINE
  5
31C
330
6B
100
AcDbEntity
  8
BASKET
 62
     7
100
AcDbLine
 10
659.9999999699997
 20
356.8115733599999
 30
0.0
 11
649.9999999699999
 21
356.8115733599999
 31
0.0
  0
LINE
  5
31D
330
6B
100
AcDbEntity
  8
BASKET
 62
     7
100
AcDbLine
 10
659.9999999699997
 20
424.4999999999997
 30
0.0
 11
649.9999999699999
 21
424.4999999999997
 31
0.0
  0
LINE
  5
31E
330
6B
100
AcDbEntity
  8
BASKET
 62
     7
100
AcDbLine
 10
659.9999999699997
 20
419.0000835999998
 30
0.0
 11
649.9999999699999
 21
419.0000835999998
 31
0.0
  0
LINE
  5
31F
330
6B
100
AcDbEntity
  8
BASKET
 62
     7
100
AcDbLine
 10
659.9999999699997
 20
406.8115733999999
 30
0.0
 11
649.9999999699999
 21
406.8115733999999
 31
0.0
  0
LINE
  5
320
330
6B
100
AcDbEntity
  8
BASKET
 62
     7
100
AcDbLine
 10
659.9999999699997
 20
474.4999999999997
 30
0.0
 11
649.9999999699999
 21
474.4999999999997
 31
0.0
  0
LINE
  5
321
330
6B
100
AcDbEntity
  8
BASKET
 62
     7
100
AcDbLine
 10
659.9999999699997
 20
469.0000835999998
 30
0.0
 11
649.9999999699999
 21
469.0000835999998
 31
0.0
  0
LINE
  5
322
330
6B
100
AcDbEntity
  8
BASKET
 62
     7
100
AcDbLine
 10
659.9999999699997
 20
456.8115733999999
 30
0.0
 11
649.9999999699999
 21
456.8115733999999
 31
0.0
  0
LINE
  5
323
330
6B
100
AcDbEntity
  8
BASKET
 62
     7
100
AcDbLine
 10
659.9999999699997
 20
524.4999999999996
 30
0.0
 11
649.9999999699999
 21
524.4999999999996
 31
0.0
  0
LINE
  5
324
330
6B
100
AcDbEntity
  8
BASKET
 62
     7
100
AcDbLine
 10
659.9999999699997
 20
519.0000835999998
 30
0.0
 11
649.9999999699999
 21
519.0000835999998
 31
0.0
  0
LINE
  5
325
330
6B
100
AcDbEntity
  8
BASKET
 62
     7
100
AcDbLine
 10
659.9999999699997
 20
506.8115733999999
 30
0.0
 11
649.9999999699999
 21
506.8115733999999
 31
0.0
  0
LINE
  5
326
330
6B
100
AcDbEntity
  8
BASKET
 62
     7
100
AcDbLine
 10
659.9999999699997
 20
574.5
 30
0.0
 11
649.9999999699999
 21
574.5
 31
0.0
  0
LINE
  5
327
330
6B
100
AcDbEntity
  8
BASKET
 62
     7
100
AcDbLine
 10
659.9999999699997
 20
569.0000835999998
 30
0.0
 11
649.9999999699999
 21
569.0000835999998
 31
0.0
  0
LINE
  5
328
330
6B
100
AcDbEntity
  8
BASKET
 62
     7
100
AcDbLine
 10
659.9999999699997
 20
556.8115733999998
 30
0.0
 11
649.9999999699999
 21
556.8115733999998
 31
0.0
  0
LINE
  5
329
330
6B
100
AcDbEntity
  8
BASKET
 62
     7
100
AcDbLine
 10
659.9999999699997
 20
624.5
 30
0.0
 11
649.9999999699999
 21
624.5
 31
0.0
  0
LINE
  5
32A
330
6B
100
AcDbEntity
  8
BASKET
 62
     7
100
AcDbLine
 10
659.9999999699997
 20
619.0000835999998
 30
0.0
 11
649.9999999699999
 21
619.0000835999998
 31
0.0
  0
LINE
  5
32B
330
6B
100
AcDbEntity
  8
BASKET
 62
     7
100
AcDbLine
 10
659.9999999699997
 20
606.8115733999998
 30
0.0
 11
649.9999999699999
 21
606.8115733999998
 31
0.0
  0
LINE
  5
32C
330
6B
100
AcDbEntity
  8
BASKET
 62
     7
100
AcDbLine
 10
659.9999999699997
 20
674.5
 30
0.0
 11
649.9999999699999
 21
674.5
 31
0.0
  0
LINE
  5
32D
330
6B
100
AcDbEntity
  8
BASKET
 62
     7
100
AcDbLine
 10
659.9999999699997
 20
669.0000835999998
 30
0.0
 11
649.9999999699999
 21
669.0000835999998
 31
0.0
  0
LINE
  5
32E
330
6B
100
AcDbEntity
  8
BASKET
 62
     7
100
AcDbLine
 10
659.9999999699997
 20
656.8115733999998
 30
0.0
 11
649.9999999699999
 21
656.8115733999998
 31
0.0
  0
LINE
  5
32F
330
6B
100
AcDbEntity
  8
BASKET
 62
     7
100
AcDbLine
 10
659.9999999699997
 20
724.5
 30
0.0
 11
649.9999999699999
 21
724.5
 31
0.0
  0
LINE
  5
330
330
6B
100
AcDbEntity
  8
BASKET
 62
     7
100
AcDbLine
 10
659.9999999699997
 20
719.0000835999996
 30
0.0
 11
649.9999999699999
 21
719.0000835999996
 31
0.0
  0
LINE
  5
331
330
6B
100
AcDbEntity
  8
BASKET
 62
     7
100
AcDbLine
 10
659.9999999699997
 20
706.8115733999997
 30
0.0
 11
649.9999999699999
 21
706.8115733999997
 31
0.0
  0
LINE
  5
3BC
330
6B
100
AcDbEntity
  8
0
  6
Continuous
100
AcDbLine
 10
-600.0
 20
117.48
 30
0.0
 11
-600.0
 21
127.48
 31
0.0
  0
LINE
  5
3BE
330
6B
100
AcDbEntity
  8
0
  6
Continuous
100
AcDbLine
 10
-600.0
 20
137.48
 30
0.0
 11
-600.0
 21
147.48
 31
0.0
  0
LINE
  5
3BF
330
6B
100
AcDbEntity
  8
0
  6
Continuous
100
AcDbLine
 10
-600.0
 20
157.48
 30
0.0
 11
-600.0
 21
167.48
 31
0.0
  0
LINE
  5
3C0
330
6B
100
AcDbEntity
  8
0
  6
Continuous
100
AcDbLine
 10
-600.0
 20
177.48
 30
0.0
 11
-600.0
 21
187.48
 31
0.0
  0
LINE
  5
3C1
330
6B
100
AcDbEntity
  8
0
  6
Continuous
100
AcDbLine
 10
-600.0
 20
197.48
 30
0.0
 11
-600.0
 21
207.48
 31
0.0
  0
LINE
  5
3C2
330
6B
100
AcDbEntity
  8
0
  6
Continuous
100
AcDbLine
 10
-600.0
 20
217.48
 30
0.0
 11
-600.0
 21
227.48
 31
0.0
  0
LINE
  5
3C3
330
6B
100
AcDbEntity
  8
0
  6
Continuous
100
AcDbLine
 10
-600.0
 20
237.48
 30
0.0
 11
-600.0
 21
247.48
 31
0.0
  0
LINE
  5
3C4
330
6B
100
AcDbEntity
  8
0
  6
Continuous
100
AcDbLine
 10
-600.0
 20
257.48
 30
0.0
 11
-600.0
 21
267.48
 31
0.0
  0
LINE
  5
3C5
330
6B
100
AcDbEntity
  8
0
  6
Continuous
100
AcDbLine
 10
-600.0
 20
277.48
 30
0.0
 11
-600.0
 21
287.48
 31
0.0
  0
LINE
  5
3C6
330
6B
100
AcDbEntity
  8
0
  6
Continuous
100
AcDbLine
 10
-600.0
 20
297.48
 30
0.0
 11
-600.0
 21
307.48
 31
0.0
  0
LINE
  5
3C7
330
6B
100
AcDbEntity
  8
0
  6
Continuous
100
AcDbLine
 10
-600.0
 20
317.48
 30
0.0
 11
-600.0
 21
327.48
 31
0.0
  0
LINE
  5
3C8
330
6B
100
AcDbEntity
  8
0
  6
Continuous
100
AcDbLine
 10
-600.0
 20
337.48
 30
0.0
 11
-600.0
 21
347.48
 31
0.0
  0
LINE
  5
3C9
330
6B
100
AcDbEntity
  8
0
  6
Continuous
100
AcDbLine
 10
-600.0
 20
357.48
 30
0.0
 11
-600.0
 21
367.48
 31
0.0
  0
LINE
  5
3CA
330
6B
100
AcDbEntity
  8
0
  6
Continuous
100
AcDbLine
 10
-600.0
 20
377.48
 30
0.0
 11
-600.0
 21
387.48
 31
0.0
  0
LINE
  5
3CB
330
6B
100
AcDbEntity
  8
0
  6
Continuous
100
AcDbLine
 10
-600.0
 20
397.48
 30
0.0
 11
-600.0
 21
407.48
 31
0.0
  0
LINE
  5
3CC
330
6B
100
AcDbEntity
  8
0
  6
Continuous
100
AcDbLine
 10
-600.0
 20
417.48
 30
0.0
 11
-600.0
 21
427.4799999999999
 31
0.0
  0
LINE
  5
3CD
330
6B
100
AcDbEntity
  8
0
  6
Continuous
100
AcDbLine
 10
-600.0
 20
437.48
 30
0.0
 11
-600.0
 21
447.48
 31
0.0
  0
LINE
  5
3CE
330
6B
100
AcDbEntity
  8
0
  6
Continuous
100
AcDbLine
 10
-600.0
 20
457.48
 30
0.0
 11
-600.0
 21
467.48
 31
0.0
  0
LINE
  5
3CF
330
6B
100
AcDbEntity
  8
0
  6
Continuous
100
AcDbLine
 10
-600.0
 20
477.4799999999999
 30
0.0
 11
-600.0
 21
487.48
 31
0.0
  0
LINE
  5
3D0
330
6B
100
AcDbEntity
  8
0
  6
Continuous
100
AcDbLine
 10
-600.0
 20
497.48
 30
0.0
 11
-600.0
 21
507.48
 31
0.0
  0
LINE
  5
3D1
330
6B
100
AcDbEntity
  8
0
  6
Continuous
100
AcDbLine
 10
-600.0
 20
517.48
 30
0.0
 11
-600.0
 21
527.4799999999999
 31
0.0
  0
LINE
  5
3D2
330
6B
100
AcDbEntity
  8
0
  6
Continuous
100
AcDbLine
 10
-600.0
 20
537.48
 30
0.0
 11
-600.0
 21
547.48
 31
0.0
  0
LINE
  5
3D3
330
6B
100
AcDbEntity
  8
0
  6
Continuous
100
AcDbLine
 10
-600.0
 20
557.48
 30
0.0
 11
-600.0
 21
567.48
 31
0.0
  0
LINE
  5
3D4
330
6B
100
AcDbEntity
  8
0
  6
Continuous
100
AcDbLine
 10
-600.0
 20
577.4799999999999
 30
0.0
 11
-600.0
 21
587.48
 31
0.0
  0
LINE
  5
3D5
330
6B
100
AcDbEntity
  8
0
  6
Continuous
100
AcDbLine
 10
-600.0
 20
597.48
 30
0.0
 11
-600.0
 21
607.48
 31
0.0
  0
LINE
  5
3D6
330
6B
100
AcDbEntity
  8
0
  6
Continuous
100
AcDbLine
 10
-600.0
 20
617.48
 30
0.0
 11
-600.0
 21
627.4799999999999
 31
0.0
  0
LINE
  5
3D7
330
6B
100
AcDbEntity
  8
0
  6
Continuous
100
AcDbLine
 10
-600.0
 20
637.48
 30
0.0
 11
-600.0
 21
647.48
 31
0.0
  0
LINE
  5
3D8
330
6B
100
AcDbEntity
  8
0
  6
Continuous
100
AcDbLine
 10
-600.0
 20
657.48
 30
0.0
 11
-600.0
 21
667.48
 31
0.0
  0
LINE
  5
3D9
330
6B
100
AcDbEntity
  8
0
  6
Continuous
100
AcDbLine
 10
-600.0
 20
677.4799999999999
 30
0.0
 11
-600.0
 21
687.48
 31
0.0
  0
LINE
  5
3DA
330
6B
100
AcDbEntity
  8
0
  6
Continuous
100
AcDbLine
 10
-600.0
 20
697.48
 30
0.0
 11
-600.0
 21
707.48
 31
0.0
  0
LINE
  5
3DB
330
6B
100
AcDbEntity
  8
0
  6
Continuous
100
AcDbLine
 10
-600.0
 20
717.48
 30
0.0
 11
-600.0
 21
727.4799999999999
 31
0.0
  0
LINE
  5
3DC
330
6B
100
AcDbEntity
  8
0
  6
Continuous
100
AcDbLine
 10
-600.0
 20
737.48
 30
0.0
 11
-600.0
 21
747.48
 31
0.0
  0
LINE
  5
3DD
330
6B
100
AcDbEntity
  8
0
  6
Continuous
100
AcDbLine
 10
-594.9999999999999
 20
750.0
 30
0.0
 11
-584.9999999999998
 21
750.0
 31
0.0
  0
LINE
  5
3DE
330
6B
100
AcDbEntity
  8
0
  6
Continuous
100
AcDbLine
 10
-574.9999999999999
 20
750.0
 30
0.0
 11
-564.9999999999998
 21
750.0
 31
0.0
  0
LINE
  5
3DF
330
6B
100
AcDbEntity
  8
0
  6
Continuous
100
AcDbLine
 10
-554.9999999999998
 20
750.0
 30
0.0
 11
-544.9999999999999
 21
750.0
 31
0.0
  0
LINE
  5
3E0
330
6B
100
AcDbEntity
  8
0
  6
Continuous
100
AcDbLine
 10
-534.9999999999998
 20
750.0
 30
0.0
 11
-524.9999999999999
 21
750.0
 31
0.0
  0
LINE
  5
3E1
330
6B
100
AcDbEntity
  8
0
  6
Continuous
100
AcDbLine
 10
-514.9999999999998
 20
750.0
 30
0.0
 11
-504.9999999999998
 21
750.0
 31
0.0
  0
LINE
  5
3E2
330
6B
100
AcDbEntity
  8
0
  6
Continuous
100
AcDbLine
 10
-494.9999999999999
 20
750.0
 30
0.0
 11
-484.9999999999998
 21
750.0
 31
0.0
  0
LINE
  5
3E3
330
6B
100
AcDbEntity
  8
0
  6
Continuous
100
AcDbLine
 10
-474.9999999999999
 20
750.0
 30
0.0
 11
-464.9999999999998
 21
750.0
 31
0.0
  0
LINE
  5
3E4
330
6B
100
AcDbEntity
  8
0
  6
Continuous
100
AcDbLine
 10
-454.9999999999998
 20
750.0
 30
0.0
 11
-444.9999999999999
 21
750.0
 31
0.0
  0
LINE
  5
3E5
330
6B
100
AcDbEntity
  8
0
  6
Continuous
100
AcDbLine
 10
-434.9999999999998
 20
750.0
 30
0.0
 11
-424.9999999999999
 21
750.0
 31
0.0
  0
LINE
  5
3E6
330
6B
100
AcDbEntity
  8
0
  6
Continuous
100
AcDbLine
 10
-414.9999999999998
 20
749.9999999999999
 30
0.0
 11
-404.9999999999998
 21
749.9999999999999
 31
0.0
  0
LINE
  5
3E7
330
6B
100
AcDbEntity
  8
0
  6
Continuous
100
AcDbLine
 10
-394.9999999999999
 20
749.9999999999999
 30
0.0
 11
-384.9999999999999
 21
749.9999999999999
 31
0.0
  0
LINE
  5
3E8
330
6B
100
AcDbEntity
  8
0
  6
Continuous
100
AcDbLine
 10
-374.9999999999999
 20
749.9999999999999
 30
0.0
 11
-364.9999999999999
 21
749.9999999999999
 31
0.0
  0
LINE
  5
3E9
330
6B
100
AcDbEntity
  8
0
  6
Continuous
100
AcDbLine
 10
-354.9999999999999
 20
749.9999999999999
 30
0.0
 11
-344.9999999999999
 21
749.9999999999999
 31
0.0
  0
LINE
  5
3EA
330
6B
100
AcDbEntity
  8
0
  6
Continuous
100
AcDbLine
 10
-334.9999999999999
 20
749.9999999999999
 30
0.0
 11
-324.9999999999999
 21
749.9999999999999
 31
0.0
  0
LINE
  5
3EB
330
6B
100
AcDbEntity
  8
0
  6
Continuous
100
AcDbLine
 10
-315.0
 20
749.9999999999999
 30
0.0
 11
-305.0
 21
749.9999999999999
 31
0.0
  0
LINE
  5
3EC
330
6B
100
AcDbEntity
  8
0
  6
Continuous
100
AcDbLine
 10
-295.0
 20
749.9999999999999
 30
0.0
 11
-285.0
 21
749.9999999999999
 31
0.0
  0
LINE
  5
3ED
330
6B
100
AcDbEntity
  8
0
  6
Continuous
100
AcDbLine
 10
-275.0
 20
749.9999999999999
 30
0.0
 11
-265.0
 21
749.9999999999999
 31
0.0
  0
LINE
  5
405
330
6B
100
AcDbEntity
  8
0
  6
Continuous
100
AcDbLine
 10
-255.0
 20
749.9999999999999
 30
0.0
 11
-245.0
 21
749.9999999999999
 31
0.0
  0
LINE
  5
406
330
6B
100
AcDbEntity
  8
0
  6
Continuous
100
AcDbLine
 10
-235.0
 20
749.9999999999999
 30
0.0
 11
-225.0
 21
749.9999999999999
 31
0.0
  0
LINE
  5
407
330
6B
100
AcDbEntity
  8
0
  6
Continuous
100
AcDbLine
 10
-215.0
 20
749.9999999999999
 30
0.0
 11
-205.0
 21
749.9999999999999
 31
0.0
  0
LINE
  5
408
330
6B
100
AcDbEntity
  8
0
  6
Continuous
100
AcDbLine
 10
-195.0
 20
749.9999999999999
 30
0.0
 11
-185.0
 21
749.9999999999999
 31
0.0
  0
LINE
  5
409
330
6B
100
AcDbEntity
  8
0
  6
Continuous
100
AcDbLine
 10
-175.0
 20
749.9999999999999
 30
0.0
 11
-165.0
 21
749.9999999999999
 31
0.0
  0
LINE
  5
40A
330
6B
100
AcDbEntity
  8
0
  6
Continuous
100
AcDbLine
 10
-155.0
 20
749.9999999999999
 30
0.0
 11
-145.0
 21
749.9999999999999
 31
0.0
  0
LINE
  5
40B
330
6B
100
AcDbEntity
  8
0
  6
Continuous
100
AcDbLine
 10
-135.0
 20
749.9999999999999
 30
0.0
 11
-125.0
 21
749.9999999999999
 31
0.0
  0
LINE
  5
40C
330
6B
100
AcDbEntity
  8
0
  6
Continuous
100
AcDbLine
 10
-115.0
 20
749.9999999999999
 30
0.0
 11
-105.0
 21
749.9999999999999
 31
0.0
  0
LINE
  5
40D
330
6B
100
AcDbEntity
  8
0
  6
Continuous
100
AcDbLine
 10
-95.0
 20
749.9999999999998
 30
0.0
 11
-85.0
 21
749.9999999999998
 31
0.0
  0
LINE
  5
40E
330
6B
100
AcDbEntity
  8
0
  6
Continuous
100
AcDbLine
 10
-75.0
 20
749.9999999999998
 30
0.0
 11
-65.0
 21
749.9999999999998
 31
0.0
  0
LINE
  5
40F
330
6B
100
AcDbEntity
  8
0
  6
Continuous
100
AcDbLine
 10
-55.0
 20
749.9999999999998
 30
0.0
 11
-45.0
 21
749.9999999999998
 31
0.0
  0
LINE
  5
410
330
6B
100
AcDbEntity
  8
0
  6
Continuous
100
AcDbLine
 10
-35.0
 20
749.9999999999998
 30
0.0
 11
-25.0
 21
749.9999999999998
 31
0.0
  0
LINE
  5
411
330
6B
100
AcDbEntity
  8
0
  6
Continuous
100
AcDbLine
 10
-15.0
 20
749.9999999999998
 30
0.0
 11
-5.0
 21
749.9999999999998
 31
0.0
  0
LINE
  5
415
330
6B
100
AcDbEntity
  8
0
  6
Continuous
100
AcDbLine
 10
595.0
 20
749.9999999999999
 30
0.0
 11
585.0
 21
749.9999999999999
 31
0.0
  0
LINE
  5
416
330
6B
100
AcDbEntity
  8
0
  6
Continuous
100
AcDbLine
 10
575.0
 20
749.9999999999999
 30
0.0
 11
565.0
 21
749.9999999999999
 31
0.0
  0
LINE
  5
417
330
6B
100
AcDbEntity
  8
0
  6
Continuous
100
AcDbLine
 10
555.0
 20
749.9999999999999
 30
0.0
 11
545.0
 21
749.9999999999999
 31
0.0
  0
LINE
  5
418
330
6B
100
AcDbEntity
  8
0
  6
Continuous
100
AcDbLine
 10
535.0
 20
749.9999999999999
 30
0.0
 11
525.0
 21
749.9999999999999
 31
0.0
  0
LINE
  5
419
330
6B
100
AcDbEntity
  8
0
  6
Continuous
100
AcDbLine
 10
515.0
 20
749.9999999999999
 30
0.0
 11
505.0
 21
749.9999999999999
 31
0.0
  0
LINE
  5
41A
330
6B
100
AcDbEntity
  8
0
  6
Continuous
100
AcDbLine
 10
495.0
 20
749.9999999999999
 30
0.0
 11
485.0
 21
749.9999999999999
 31
0.0
  0
LINE
  5
41B
330
6B
100
AcDbEntity
  8
0
  6
Continuous
100
AcDbLine
 10
475.0
 20
749.9999999999999
 30
0.0
 11
465.0
 21
749.9999999999999
 31
0.0
  0
LINE
  5
41C
330
6B
100
AcDbEntity
  8
0
  6
Continuous
100
AcDbLine
 10
455.0
 20
750.0
 30
0.0
 11
445.0
 21
750.0
 31
0.0
  0
LINE
  5
41D
330
6B
100
AcDbEntity
  8
0
  6
Continuous
100
AcDbLine
 10
435.0
 20
750.0
 30
0.0
 11
425.0
 21
750.0
 31
0.0
  0
LINE
  5
41E
330
6B
100
AcDbEntity
  8
0
  6
Continuous
100
AcDbLine
 10
415.0
 20
749.9999999999999
 30
0.0
 11
405.0
 21
749.9999999999999
 31
0.0
  0
LINE
  5
41F
330
6B
100
AcDbEntity
  8
0
  6
Continuous
100
AcDbLine
 10
395.0
 20
749.9999999999999
 30
0.0
 11
385.0
 21
749.9999999999999
 31
0.0
  0
LINE
  5
420
330
6B
100
AcDbEntity
  8
0
  6
Continuous
100
AcDbLine
 10
375.0
 20
749.9999999999999
 30
0.0
 11
365.0
 21
749.9999999999999
 31
0.0
  0
LINE
  5
421
330
6B
100
AcDbEntity
  8
0
  6
Continuous
100
AcDbLine
 10
355.0
 20
749.9999999999999
 30
0.0
 11
345.0
 21
749.9999999999999
 31
0.0
  0
LINE
  5
422
330
6B
100
AcDbEntity
  8
0
  6
Continuous
100
AcDbLine
 10
335.0
 20
749.9999999999999
 30
0.0
 11
325.0
 21
749.9999999999999
 31
0.0
  0
LINE
  5
423
330
6B
100
AcDbEntity
  8
0
  6
Continuous
100
AcDbLine
 10
315.0000000000001
 20
749.9999999999999
 30
0.0
 11
305.0000000000001
 21
749.9999999999999
 31
0.0
  0
LINE
  5
424
330
6B
100
AcDbEntity
  8
0
  6
Continuous
100
AcDbLine
 10
295.0000000000001
 20
749.9999999999999
 30
0.0
 11
285.0000000000001
 21
749.9999999999999
 31
0.0
  0
LINE
  5
425
330
6B
100
AcDbEntity
  8
0
  6
Continuous
100
AcDbLine
 10
275.0000000000001
 20
749.9999999999999
 30
0.0
 11
265.0000000000001
 21
749.9999999999999
 31
0.0
  0
LINE
  5
426
330
6B
100
AcDbEntity
  8
0
  6
Continuous
100
AcDbLine
 10
255.0000000000001
 20
749.9999999999999
 30
0.0
 11
245.0000000000001
 21
749.9999999999999
 31
0.0
  0
LINE
  5
427
330
6B
100
AcDbEntity
  8
0
  6
Continuous
100
AcDbLine
 10
235.0
 20
749.9999999999999
 30
0.0
 11
225.0
 21
749.9999999999999
 31
0.0
  0
LINE
  5
428
330
6B
100
AcDbEntity
  8
0
  6
Continuous
100
AcDbLine
 10
215.0000000000001
 20
749.9999999999999
 30
0.0
 11
205.0000000000001
 21
749.9999999999999
 31
0.0
  0
LINE
  5
429
330
6B
100
AcDbEntity
  8
0
  6
Continuous
100
AcDbLine
 10
195.0
 20
749.9999999999999
 30
0.0
 11
185.0
 21
749.9999999999999
 31
0.0
  0
LINE
  5
42A
330
6B
100
AcDbEntity
  8
0
  6
Continuous
100
AcDbLine
 10
175.0
 20
749.9999999999999
 30
0.0
 11
165.0
 21
749.9999999999999
 31
0.0
  0
LINE
  5
42B
330
6B
100
AcDbEntity
  8
0
  6
Continuous
100
AcDbLine
 10
155.0
 20
749.9999999999999
 30
0.0
 11
145.0
 21
749.9999999999999
 31
0.0
  0
LINE
  5
42C
330
6B
100
AcDbEntity
  8
0
  6
Continuous
100
AcDbLine
 10
135.0
 20
749.9999999999999
 30
0.0
 11
125.0
 21
749.9999999999999
 31
0.0
  0
LINE
  5
42D
330
6B
100
AcDbEntity
  8
0
  6
Continuous
100
AcDbLine
 10
115.0000000000001
 20
749.9999999999999
 30
0.0
 11
105.0
 21
749.9999999999999
 31
0.0
  0
LINE
  5
42E
330
6B
100
AcDbEntity
  8
0
  6
Continuous
100
AcDbLine
 10
95.00000000000007
 20
749.9999999999998
 30
0.0
 11
85.00000000000007
 21
749.9999999999998
 31
0.0
  0
LINE
  5
42F
330
6B
100
AcDbEntity
  8
0
  6
Continuous
100
AcDbLine
 10
75.00000000000007
 20
749.9999999999998
 30
0.0
 11
65.00000000000007
 21
749.9999999999998
 31
0.0
  0
LINE
  5
430
330
6B
100
AcDbEntity
  8
0
  6
Continuous
100
AcDbLine
 10
55.00000000000007
 20
749.9999999999998
 30
0.0
 11
45.00000000000007
 21
749.9999999999998
 31
0.0
  0
LINE
  5
431
330
6B
100
AcDbEntity
  8
0
  6
Continuous
100
AcDbLine
 10
35.00000000000008
 20
749.9999999999998
 30
0.0
 11
25.00000000000008
 21
749.9999999999998
 31
0.0
  0
LINE
  5
432
330
6B
100
AcDbEntity
  8
0
  6
Continuous
100
AcDbLine
 10
15.00000000000008
 20
749.9999999999998
 30
0.0
 11
5.000000000000077
 21
749.9999999999998
 31
0.0
  0
LINE
  5
433
330
6B
100
AcDbEntity
  8
0
  6
Continuous
100
AcDbLine
 10
600.0
 20
117.48
 30
0.0
 11
600.0
 21
127.48
 31
0.0
  0
LINE
  5
434
330
6B
100
AcDbEntity
  8
0
  6
Continuous
100
AcDbLine
 10
600.0
 20
137.48
 30
0.0
 11
600.0
 21
147.48
 31
0.0
  0
LINE
  5
435
330
6B
100
AcDbEntity
  8
0
  6
Continuous
100
AcDbLine
 10
600.0
 20
157.48
 30
0.0
 11
600.0
 21
167.48
 31
0.0
  0
LINE
  5
436
330
6B
100
AcDbEntity
  8
0
  6
Continuous
100
AcDbLine
 10
600.0
 20
177.48
 30
0.0
 11
600.0
 21
187.48
 31
0.0
  0
LINE
  5
437
330
6B
100
AcDbEntity
  8
0
  6
Continuous
100
AcDbLine
 10
600.0
 20
197.48
 30
0.0
 11
600.0
 21
207.48
 31
0.0
  0
LINE
  5
438
330
6B
100
AcDbEntity
  8
0
  6
Continuous
100
AcDbLine
 10
600.0
 20
217.48
 30
0.0
 11
600.0
 21
227.48
 31
0.0
  0
LINE
  5
439
330
6B
100
AcDbEntity
  8
0
  6
Continuous
100
AcDbLine
 10
600.0
 20
237.48
 30
0.0
 11
600.0
 21
247.48
 31
0.0
  0
LINE
  5
43A
330
6B
100
AcDbEntity
  8
0
  6
Continuous
100
AcDbLine
 10
600.0
 20
257.48
 30
0.0
 11
600.0
 21
267.48
 31
0.0
  0
LINE
  5
43B
330
6B
100
AcDbEntity
  8
0
  6
Continuous
100
AcDbLine
 10
600.0
 20
277.48
 30
0.0
 11
600.0
 21
287.48
 31
0.0
  0
LINE
  5
43C
330
6B
100
AcDbEntity
  8
0
  6
Continuous
100
AcDbLine
 10
600.0
 20
297.48
 30
0.0
 11
600.0
 21
307.48
 31
0.0
  0
LINE
  5
43D
330
6B
100
AcDbEntity
  8
0
  6
Continuous
100
AcDbLine
 10
600.0
 20
317.48
 30
0.0
 11
600.0
 21
327.48
 31
0.0
  0
LINE
  5
43E
330
6B
100
AcDbEntity
  8
0
  6
Continuous
100
AcDbLine
 10
600.0
 20
337.48
 30
0.0
 11
600.0
 21
347.48
 31
0.0
  0
LINE
  5
43F
330
6B
100
AcDbEntity
  8
0
  6
Continuous
100
AcDbLine
 10
600.0
 20
357.48
 30
0.0
 11
600.0
 21
367.48
 31
0.0
  0
LINE
  5
440
330
6B
100
AcDbEntity
  8
0
  6
Continuous
100
AcDbLine
 10
600.0
 20
377.48
 30
0.0
 11
600.0
 21
387.48
 31
0.0
  0
LINE
  5
441
330
6B
100
AcDbEntity
  8
0
  6
Continuous
100
AcDbLine
 10
600.0
 20
397.48
 30
0.0
 11
600.0
 21
407.48
 31
0.0
  0
LINE
  5
442
330
6B
100
AcDbEntity
  8
0
  6
Continuous
100
AcDbLine
 10
600.0
 20
417.48
 30
0.0
 11
600.0
 21
427.4799999999999
 31
0.0
  0
LINE
  5
443
330
6B
100
AcDbEntity
  8
0
  6
Continuous
100
AcDbLine
 10
600.0
 20
437.48
 30
0.0
 11
600.0
 21
447.48
 31
0.0
  0
LINE
  5
444
330
6B
100
AcDbEntity
  8
0
  6
Continuous
100
AcDbLine
 10
600.0
 20
457.48
 30
0.0
 11
600.0
 21
467.48
 31
0.0
  0
LINE
  5
445
330
6B
100
AcDbEntity
  8
0
  6
Continuous
100
AcDbLine
 10
600.0
 20
477.4799999999999
 30
0.0
 11
600.0
 21
487.48
 31
0.0
  0
LINE
  5
446
330
6B
100
AcDbEntity
  8
0
  6
Continuous
100
AcDbLine
 10
600.0
 20
497.48
 30
0.0
 11
600.0
 21
507.48
 31
0.0
  0
LINE
  5
447
330
6B
100
AcDbEntity
  8
0
  6
Continuous
100
AcDbLine
 10
600.0
 20
517.48
 30
0.0
 11
600.0
 21
527.4799999999999
 31
0.0
  0
LINE
  5
448
330
6B
100
AcDbEntity
  8
0
  6
Continuous
100
AcDbLine
 10
600.0
 20
537.48
 30
0.0
 11
600.0
 21
547.48
 31
0.0
  0
LINE
  5
449
330
6B
100
AcDbEntity
  8
0
  6
Continuous
100
AcDbLine
 10
600.0
 20
557.48
 30
0.0
 11
600.0
 21
567.48
 31
0.0
  0
LINE
  5
44A
330
6B
100
AcDbEntity
  8
0
  6
Continuous
100
AcDbLine
 10
600.0
 20
577.4799999999999
 30
0.0
 11
600.0
 21
587.48
 31
0.0
  0
LINE
  5
44B
330
6B
100
AcDbEntity
  8
0
  6
Continuous
100
AcDbLine
 10
600.0
 20
597.48
 30
0.0
 11
600.0
 21
607.48
 31
0.0
  0
LINE
  5
44C
330
6B
100
AcDbEntity
  8
0
  6
Continuous
100
AcDbLine
 10
600.0
 20
617.48
 30
0.0
 11
600.0
 21
627.4799999999999
 31
0.0
  0
LINE
  5
44D
330
6B
100
AcDbEntity
  8
0
  6
Continuous
100
AcDbLine
 10
600.0
 20
637.48
 30
0.0
 11
600.0
 21
647.48
 31
0.0
  0
LINE
  5
44E
330
6B
100
AcDbEntity
  8
0
  6
Continuous
100
AcDbLine
 10
600.0
 20
657.48
 30
0.0
 11
600.0
 21
667.48
 31
0.0
  0
LINE
  5
44F
330
6B
100
AcDbEntity
  8
0
  6
Continuous
100
AcDbLine
 10
600.0
 20
677.4799999999999
 30
0.0
 11
600.0
 21
687.48
 31
0.0
  0
LINE
  5
450
330
6B
100
AcDbEntity
  8
0
  6
Continuous
100
AcDbLine
 10
600.0
 20
697.48
 30
0.0
 11
600.0
 21
707.48
 31
0.0
  0
LINE
  5
451
330
6B
100
AcDbEntity
  8
0
  6
Continuous
100
AcDbLine
 10
600.0
 20
717.48
 30
0.0
 11
600.0
 21
727.4799999999999
 31
0.0
  0
LINE
  5
452
330
6B
100
AcDbEntity
  8
0
  6
Continuous
100
AcDbLine
 10
600.0
 20
737.48
 30
0.0
 11
600.0
 21
747.48
 31
0.0
  0
ENDSEC
  0
SECTION
  2
OBJECTS
  0
DICTIONARY
  5
C
330
0
100
AcDbDictionary
281
     1
  3
ACAD_CIP_PREVIOUS_PRODUCT_INFO
350
B7
  3
ACAD_COLOR
350
62
  3
ACAD_GROUP
350
D
  3
ACAD_LAYOUT
350
61
  3
ACAD_MATERIAL
350
10
  3
ACAD_MLEADERSTYLE
350
65
  3
ACAD_MLINESTYLE
350
5E
  3
ACAD_PLOTSETTINGS
350
60
  3
ACAD_PLOTSTYLENAME
350
E
  3
ACAD_SCALELIST
350
42
  3
ACAD_TABLESTYLE
350
63
  3
ACAD_VISUALSTYLE
350
29
  3
ACDB_RECOMPOSE_DATA
350
4C5
  3
AcDbVariableDictionary
350
C4
  3
DWGPROPS
350
4C6
  0
DICTIONARY
  5
C0
330
54
100
AcDbDictionary
280
     1
281
     1
  3
ADSK_XREC_LAYER_RECONCILED
360
C1
  0
DICTIONARY
  5
C2
330
76
100
AcDbDictionary
280
     1
281
     1
  3
ADSK_XREC_LAYER_RECONCILED
360
C3
  0
XRECORD
  5
B7
102
{ACAD_REACTORS
330
C
102
}
330
C
100
AcDbXrecord
280
     1
300
ACD
300
2012
300

  0
DICTIONARY
  5
62
102
{ACAD_REACTORS
330
C
102
}
330
C
100
AcDbDictionary
281
     1
  0
DICTIONARY
  5
D
102
{ACAD_REACTORS
330
C
102
}
330
C
100
AcDbDictionary
281
     1
  0
DICTIONARY
  5
61
102
{ACAD_REACTORS
330
C
102
}
330
C
100
AcDbDictionary
281
     1
  3
Layout1
350
6A
  3
Model
350
6E
  0
DICTIONARY
  5
10
102
{ACAD_REACTORS
330
C
102
}
330
C
100
AcDbDictionary
281
     1
  3
ByBlock
350
19
  3
ByLayer
350
11
  3
Global
350
21
  0
DICTIONARY
  5
65
102
{ACAD_REACTORS
330
C
102
}
330
C
100
AcDbDictionary
281
     1
  3
Standard
350
66
  0
DICTIONARY
  5
5E
102
{ACAD_REACTORS
330
C
102
}
330
C
100
AcDbDictionary
281
     1
  3
Standard
350
5F
  0
DICTIONARY
  5
60
102
{ACAD_REACTORS
330
C
102
}
330
C
100
AcDbDictionary
281
     1
  0
ACDBDICTIONARYWDFLT
  5
E
102
{ACAD_REACTORS
330
C
102
}
330
C
100
AcDbDictionary
281
     1
  3
Normal
350
F
100
AcDbDictionaryWithDefault
340
F
  0
DICTIONARY
  5
42
102
{ACAD_REACTORS
330
C
102
}
330
C
100
AcDbDictionary
281
     1
  3
A0
350
43
  3
A1
350
44
  3
A2
350
45
  3
A3
350
46
  3
A4
350
47
  3
A5
350
48
  3
A6
350
49
  3
A7
350
4A
  3
A8
350
4B
  3
A9
350
4C
  3
B0
350
4D
  3
B1
350
4E
  3
B2
350
4F
  3
B3
350
50
  3
B4
350
51
  3
B5
350
52
  3
B6
350
53
  0
DICTIONARY
  5
63
102
{ACAD_REACTORS
330
C
102
}
330
C
100
AcDbDictionary
281
     1
  3
Standard
350
64
  0
DICTIONARY
  5
29
102
{ACAD_REACTORS
330
C
102
}
330
C
100
AcDbDictionary
281
     1
  3
2dWireframe
350
2F
  3
Basic
350
2E
  3
Brighten
350
35
  3
ColorChange
350
39
  3
Conceptual
350
32
  3
Dim
350
34
  3
EdgeColorOff
350
41
  3
Facepattern
350
38
  3
Flat
350
2A
  3
FlatWithEdges
350
2B
  3
Gouraud
350
2C
  3
GouraudWithEdges
350
2D
  3
Hidden
350
31
  3
JitterOff
350
3F
  3
Linepattern
350
37
  3
OverhangOff
350
40
  3
Realistic
350
33
  3
Shaded
350
3E
  3
Shaded with edges
350
3D
  3
Shades of Gray
350
3A
  3
Sketchy
350
3B
  3
Thicken
350
36
  3
Wireframe
350
30
  3
X-Ray
350
3C
  0
XRECORD
  5
4C5
102
{ACAD_REACTORS
330
C
102
}
330
C
100
AcDbXrecord
280
     1
 90
        1
330
64
  0
DICTIONARY
  5
C4
102
{ACAD_REACTORS
330
C
102
}
330
C
100
AcDbDictionary
281
     1
  3
CANNOSCALE
350
C7
  3
CMLEADERSTYLE
350
C6
  3
CTABLESTYLE
350
C5
  3
DIMASSOC
350
CA
  3
INDEXCTL
350
C9
  3
SORTENTS
350
C8
  3
XCLIPFRAME
350
453
  0
XRECORD
  5
4C6
102
{ACAD_REACTORS
330
C
102
}
330
C
100
AcDbXrecord
280
     1
  1
DWGPROPS COOKIE
  2

  3

  4

  6

  7

  8
geo
  9

300
=
301
=
302
=
303
=
304
=
305
=
306
=
307
=
308
=
309
=
 40
0.3208665972222222
 41
2456315.397357269
 42
2456331.472370174
  1

 90
        0
  0
XRECORD
  5
C1
102
{ACAD_REACTORS
330
C0
102
}
330
C0
100
AcDbXrecord
280
     1
290
     1
  0
XRECORD
  5
C3
102
{ACAD_REACTORS
330
C2
102
}
330
C2
100
AcDbXrecord
280
     1
290
     1
  0
LAYOUT
  5
6A
102
{ACAD_XDICTIONARY
360
4F8
102
}
102
{ACAD_REACTORS
330
61
102
}
330
61
100
AcDbPlotSettings
  1

  2
Microsoft XPS Document Writer
  4

  6

 40
0.0
 41
0.0
 42
0.0
 43
0.0
 44
0.0
 45
0.0
 46
0.0
 47
0.0
 48
0.0
 49
0.0
140
0.0
141
0.0
142
1.0
143
1.0
 70
   688
 72
     0
 73
     0
 74
     5
  7

 75
    16
147
1.0
148
0.0
149
0.0
100
AcDbLayout
  1
Layout1
 70
     1
 71
     1
 10
0.0
 20
0.0
 11
12.0
 21
9.0
 12
0.0
 22
0.0
 32
0.0
 14
1.000000000000000E+20
 24
1.000000000000000E+20
 34
1.000000000000000E+20
 15
-1.000000000000000E+20
 25
-1.000000000000000E+20
 35
-1.000000000000000E+20
146
0.0
 13
0.0
 23
0.0
 33
0.0
 16
1.0
 26
0.0
 36
0.0
 17
0.0
 27
1.0
 37
0.0
 76
     0
330
67
  0
LAYOUT
  5
6E
102
{ACAD_XDICTIONARY
360
4FA
102
}
102
{ACAD_REACTORS
330
61
102
}
330
61
100
AcDbPlotSettings
  1

  2
Microsoft XPS Document Writer
  4

  6

 40
0.0
 41
0.0
 42
0.0
 43
0.0
 44
0.0
 45
0.0
 46
0.0
 47
0.0
 48
0.0
 49
0.0
140
0.0
141
0.0
142
1.0
143
1.0
 70
  1712
 72
     0
 73
     0
 74
     0
  7

 75
     0
147
1.0
148
0.0
149
0.0
100
AcDbLayout
  1
Model
 70
     1
 71
     0
 10
0.0
 20
0.0
 11
12.0
 21
9.0
 12
0.0
 22
0.0
 32
0.0
 14
0.0
 24
0.0
 34
0.0
 15
0.0
 25
0.0
 35
0.0
146
0.0
 13
0.0
 23
0.0
 33
0.0
 16
1.0
 26
0.0
 36
0.0
 17
0.0
 27
1.0
 37
0.0
 76
     0
330
6B
331
78
  0
MATERIAL
  5
19
102
{ACAD_XDICTIONARY
360
1A
102
}
102
{ACAD_REACTORS
330
10
102
}
330
10
100
AcDbMaterial
  1
ByBlock
 72
     0
 43
0.0208333333333333
 43
0.0
 43
0.0
 43
0.0
 43
0.0
 43
0.0208333333333333
 43
0.0
 43
0.0
 43
0.0
 43
0.0
 43
1.0
 43
0.0
 43
0.0
 43
0.0
 43
0.0
 43
1.0
 77
     0
 47
0.0208333333333333
 47
0.0
 47
0.0
 47
0.0
 47
0.0
 47
0.0208333333333333
 47
0.0
 47
0.0
 47
0.0
 47
0.0
 47
1.0
 47
0.0
 47
0.0
 47
0.0
 47
0.0
 47
1.0
171
     0
 49
0.0208333333333333
 49
0.0
 49
0.0
 49
0.0
 49
0.0
 49
0.0208333333333333
 49
0.0
 49
0.0
 49
0.0
 49
0.0
 49
1.0
 49
0.0
 49
0.0
 49
0.0
 49
0.0
 49
1.0
175
     0
142
0.0208333333333333
142
0.0
142
0.0
142
0.0
142
0.0
142
0.0208333333333333
142
0.0
142
0.0
142
0.0
142
0.0
142
1.0
142
0.0
142
0.0
142
0.0
142
0.0
142
1.0
179
     0
144
0.0208333333333333
144
0.0
144
0.0
144
0.0
144
0.0
144
0.0208333333333333
144
0.0
144
0.0
144
0.0
144
0.0
144
1.0
144
0.0
144
0.0
144
0.0
144
0.0
144
1.0
147
0.0208333333333333
147
0.0
147
0.0
147
0.0
147
0.0
147
0.0208333333333333
147
0.0
147
0.0
147
0.0
147
0.0
147
1.0
147
0.0
147
0.0
147
0.0
147
0.0
147
1.0
  0
MATERIAL
  5
11
102
{ACAD_XDICTIONARY
360
12
102
}
102
{ACAD_REACTORS
330
10
102
}
330
10
100
AcDbMaterial
  1
ByLayer
 72
     0
 43
0.0208333333333333
 43
0.0
 43
0.0
 43
0.0
 43
0.0
 43
0.0208333333333333
 43
0.0
 43
0.0
 43
0.0
 43
0.0
 43
1.0
 43
0.0
 43
0.0
 43
0.0
 43
0.0
 43
1.0
 77
     0
 47
0.0208333333333333
 47
0.0
 47
0.0
 47
0.0
 47
0.0
 47
0.0208333333333333
 47
0.0
 47
0.0
 47
0.0
 47
0.0
 47
1.0
 47
0.0
 47
0.0
 47
0.0
 47
0.0
 47
1.0
171
     0
 49
0.0208333333333333
 49
0.0
 49
0.0
 49
0.0
 49
0.0
 49
0.0208333333333333
 49
0.0
 49
0.0
 49
0.0
 49
0.0
 49
1.0
 49
0.0
 49
0.0
 49
0.0
 49
0.0
 49
1.0
175
     0
142
0.0208333333333333
142
0.0
142
0.0
142
0.0
142
0.0
142
0.0208333333333333
142
0.0
142
0.0
142
0.0
142
0.0
142
1.0
142
0.0
142
0.0
142
0.0
142
0.0
142
1.0
179
     0
144
0.0208333333333333
144
0.0
144
0.0
144
0.0
144
0.0
144
0.0208333333333333
144
0.0
144
0.0
144
0.0
144
0.0
144
1.0
144
0.0
144
0.0
144
0.0
144
0.0
144
1.0
147
0.0208333333333333
147
0.0
147
0.0
147
0.0
147
0.0
147
0.0208333333333333
147
0.0
147
0.0
147
0.0
147
0.0
147
1.0
147
0.0
147
0.0
147
0.0
147
0.0
147
1.0
  0
MATERIAL
  5
21
102
{ACAD_XDICTIONARY
360
22
102
}
102
{ACAD_REACTORS
330
10
102
}
330
10
100
AcDbMaterial
  1
Global
 72
     0
 43
0.0208333333333333
 43
0.0
 43
0.0
 43
0.0
 43
0.0
 43
0.0208333333333333
 43
0.0
 43
0.0
 43
0.0
 43
0.0
 43
1.0
 43
0.0
 43
0.0
 43
0.0
 43
0.0
 43
1.0
 77
     0
 47
0.0208333333333333
 47
0.0
 47
0.0
 47
0.0
 47
0.0
 47
0.0208333333333333
 47
0.0
 47
0.0
 47
0.0
 47
0.0
 47
1.0
 47
0.0
 47
0.0
 47
0.0
 47
0.0
 47
1.0
171
     0
 49
0.0208333333333333
 49
0.0
 49
0.0
 49
0.0
 49
0.0
 49
0.0208333333333333
 49
0.0
 49
0.0
 49
0.0
 49
0.0
 49
1.0
 49
0.0
 49
0.0
 49
0.0
 49
0.0
 49
1.0
175
     0
142
0.0208333333333333
142
0.0
142
0.0
142
0.0
142
0.0
142
0.0208333333333333
142
0.0
142
0.0
142
0.0
142
0.0
142
1.0
142
0.0
142
0.0
142
0.0
142
0.0
142
1.0
179
     0
144
0.0208333333333333
144
0.0
144
0.0
144
0.0
144
0.0
144
0.0208333333333333
144
0.0
144
0.0
144
0.0
144
0.0
144
1.0
144
0.0
144
0.0
144
0.0
144
0.0
144
1.0
147
0.0208333333333333
147
0.0
147
0.0
147
0.0
147
0.0
147
0.0208333333333333
147
0.0
147
0.0
147
0.0
147
0.0
147
1.0
147
0.0
147
0.0
147
0.0
147
0.0
147
1.0
  0
MLEADERSTYLE
  5
66
102
{ACAD_REACTORS
330
65
102
}
330
65
100
AcDbMLeaderStyle
170
     2
171
     1
172
     0
 90
        2
 40
0.0
 41
0.0
173
     1
 91
-1056964608
340
5A
 92
       -2
290
     1
 42
0.09
291
     1
 43
0.36
  3
Standard
 44
0.18
300

342
55
174
     1
178
     6
175
     1
176
     0
 93
-1056964608
 45
0.18
292
     0
297
     0
 46
0.18
 94
-1056964608
 47
1.0
 49
1.0
140
1.0
293
     1
141
0.0
294
     1
177
     0
142
1.0
295
     0
296
     0
143
0.125
1001
ACAD_MLEADERVER
1070
     2
  0
MLINESTYLE
  5
5F
102
{ACAD_REACTORS
330
5E
102
}
330
5E
100
AcDbMlineStyle
  2
STANDARD
 70
     0
  3

 62
   256
 51
90.0
 52
90.0
 71
     2
 49
0.5
 62
   256
  6
BYLAYER
 49
-0.5
 62
   256
  6
BYLAYER
  0
ACDBPLACEHOLDER
  5
F
102
{ACAD_REACTORS
330
E
102
}
330
E
  0
SCALE
  5
43
102
{ACAD_REACTORS
330
42
102
}
330
42
100
AcDbScale
 70
     0
300
1:1
140
1.0
141
1.0
290
     1
  0
SCALE
  5
44
102
{ACAD_REACTORS
330
42
102
}
330
42
100
AcDbScale
 70
     0
300
1/128" = 1'-0"
140
0.0078125
141
12.0
290
     0
  0
SCALE
  5
45
102
{ACAD_REACTORS
330
42
102
}
330
42
100
AcDbScale
 70
     0
300
1/64" = 1'-0"
140
0.015625
141
12.0
290
     0
  0
SCALE
  5
46
102
{ACAD_REACTORS
330
42
102
}
330
42
100
AcDbScale
 70
     0
300
1/32" = 1'-0"
140
0.03125
141
12.0
290
     0
  0
SCALE
  5
47
102
{ACAD_REACTORS
330
42
102
}
330
42
100
AcDbScale
 70
     0
300
1/16" = 1'-0"
140
0.0625
141
12.0
290
     0
  0
SCALE
  5
48
102
{ACAD_REACTORS
330
42
102
}
330
42
100
AcDbScale
 70
     0
300
3/32" = 1'-0"
140
0.09375
141
12.0
290
     0
  0
SCALE
  5
49
102
{ACAD_REACTORS
330
42
102
}
330
42
100
AcDbScale
 70
     0
300
1/8" = 1'-0"
140
0.125
141
12.0
290
     0
  0
SCALE
  5
4A
102
{ACAD_REACTORS
330
42
102
}
330
42
100
AcDbScale
 70
     0
300
3/16" = 1'-0"
140
0.1875
141
12.0
290
     0
  0
SCALE
  5
4B
102
{ACAD_REACTORS
330
42
102
}
330
42
100
AcDbScale
 70
     0
300
1/4" = 1'-0"
140
0.25
141
12.0
290
     0
  0
SCALE
  5
4C
102
{ACAD_REACTORS
330
42
102
}
330
42
100
AcDbScale
 70
     0
300
3/8" = 1'-0"
140
0.375
141
12.0
290
     0
  0
SCALE
  5
4D
102
{ACAD_REACTORS
330
42
102
}
330
42
100
AcDbScale
 70
     0
300
1/2" = 1'-0"
140
0.5
141
12.0
290
     0
  0
SCALE
  5
4E
102
{ACAD_REACTORS
330
42
102
}
330
42
100
AcDbScale
 70
     0
300
3/4" = 1'-0"
140
0.75
141
12.0
290
     0
  0
SCALE
  5
4F
102
{ACAD_REACTORS
330
42
102
}
330
42
100
AcDbScale
 70
     0
300
1" = 1'-0"
140
1.0
141
12.0
290
     0
  0
SCALE
  5
50
102
{ACAD_REACTORS
330
42
102
}
330
42
100
AcDbScale
 70
     0
300
1-1/2" = 1'-0"
140
1.5
141
12.0
290
     0
  0
SCALE
  5
51
102
{ACAD_REACTORS
330
42
102
}
330
42
100
AcDbScale
 70
     0
300
3" = 1'-0"
140
3.0
141
12.0
290
     0
  0
SCALE
  5
52
102
{ACAD_REACTORS
330
42
102
}
330
42
100
AcDbScale
 70
     0
300
6" = 1'-0"
140
6.0
141
12.0
290
     0
  0
SCALE
  5
53
102
{ACAD_REACTORS
330
42
102
}
330
42
100
AcDbScale
 70
     0
300
1'-0" = 1'-0"
140
12.0
141
12.0
290
     0
  0
TABLESTYLE
  5
64
102
{ACAD_XDICTIONARY
360
CD
102
}
102
{ACAD_REACTORS
330
63
102
}
330
63
100
AcDbTableStyle
  3
Standard
 70
     0
 71
     0
 40
0.06
 41
0.06
280
     0
281
     0
  7
STANDARD
140
0.18
170
     2
 62
     0
 63
     7
283
     0
274
    -2
284
     1
 64
     0
275
    -2
285
     1
 65
     0
276
    -2
286
     1
 66
     0
277
    -2
287
     1
 67
     0
278
    -2
288
     1
 68
     0
279
    -2
289
     1
 69
     0
  7
STANDARD
140
0.25
170
     5
 62
     0
 63
     7
283
     0
274
    -2
284
     1
 64
     0
275
    -2
285
     1
 65
     0
276
    -2
286
     1
 66
     0
277
    -2
287
     1
 67
     0
278
    -2
288
     1
 68
     0
279
    -2
289
     1
 69
     0
  7
STANDARD
140
0.18
170
     5
 62
     0
 63
     7
283
     0
274
    -2
284
     1
 64
     0
275
    -2
285
     1
 65
     0
276
    -2
286
     1
 66
     0
277
    -2
287
     1
 67
     0
278
    -2
288
     1
 68
     0
279
    -2
289
     1
 69
     0
  0
VISUALSTYLE
  5
2F
102
{ACAD_XDICTIONARY
360
4D1
102
}
102
{ACAD_REACTORS
330
29
102
}
330
29
100
AcDbVisualStyle
  2

 70
     4
 71
     0
 72
     2
 73
     0
 90
        0
 40
-0.6
 41
-30.0
 62
     5
 63
     7
 74
     1
 91
        4
 64
     7
 65
   257
 75
     1
175
     1
 42
1.0
 92
        0
 66
   257
 43
1.0
 76
     1
 77
     6
 78
     2
 67
     7
 79
     5
170
     0
171
     0
290
     0
174
     0
 93
        1
 44
0.0
173
     0
291
     0
 45
0.0
1001
ACAD
1000
AcDbSavedByObjectVersion
1070
     0
  0
VISUALSTYLE
  5
2E
102
{ACAD_XDICTIONARY
360
4CF
102
}
102
{ACAD_REACTORS
330
29
102
}
330
29
100
AcDbVisualStyle
  2

 70
     7
 71
     1
 72
     0
 73
     1
 90
        0
 40
-0.6
 41
-30.0
 62
     5
 63
     7
 74
     0
 91
        4
 64
     7
 65
   257
 75
     1
175
     1
 42
1.0
 92
        8
 66
     7
 43
1.0
 76
     1
 77
     6
 78
     2
 67
     7
 79
     5
170
     0
171
     0
290
     0
174
     0
 93
        1
 44
0.0
173
     0
291
     1
 45
0.0
1001
ACAD
1000
AcDbSavedByObjectVersion
1070
     0
  0
VISUALSTYLE
  5
35
102
{ACAD_XDICTIONARY
360
4DD
102
}
102
{ACAD_REACTORS
330
29
102
}
330
29
100
AcDbVisualStyle
  2

 70
    12
 71
     2
 72
     2
 73
     0
 90
        0
 40
-0.6
 41
-30.0
 62
     5
 63
     7
 74
     1
 91
        4
 64
     7
 65
   257
 75
     1
175
     1
 42
1.0
 92
        8
 66
     7
 43
1.0
 76
     1
 77
     6
 78
     2
 67
     7
 79
     5
170
     0
171
     0
290
     0
174
     0
 93
        1
 44
50.0
173
     0
291
     1
 45
0.0
1001
ACAD
1000
AcDbSavedByObjectVersion
1070
     0
  0
VISUALSTYLE
  5
39
102
{ACAD_XDICTIONARY
360
4E5
102
}
102
{ACAD_REACTORS
330
29
102
}
330
29
100
AcDbVisualStyle
  2

 70
    16
 71
     2
 72
     2
 73
     3
 90
        0
 40
-0.6
 41
-30.0
 62
     5
 63
     8
 74
     1
 91
        4
 64
     7
 65
   257
 75
     1
175
     1
 42
1.0
 92
        8
 66
     8
 43
1.0
 76
     1
 77
     6
 78
     2
 67
     7
 79
     5
170
     0
171
     0
290
     0
174
     0
 93
        1
 44
0.0
173
     0
291
     1
 45
0.0
1001
ACAD
1000
AcDbSavedByObjectVersion
1070
     0
  0
VISUALSTYLE
  5
32
102
{ACAD_XDICTIONARY
360
4D7
102
}
102
{ACAD_REACTORS
330
29
102
}
330
29
100
AcDbVisualStyle
  2

 70
     9
 71
     3
 72
     2
 73
     0
 90
        0
 40
-0.6
 41
-30.0
 62
     5
 63
     7
 74
     2
 91
        2
 64
     7
 65
   257
 75
     1
175
     1
 42
179.0
 92
        8
 66
     7
 43
1.0
 76
     1
 77
     6
 78
     2
 67
     7
 79
     3
170
     0
171
     0
290
     0
174
     0
 93
        1
 44
0.0
173
     0
291
     0
 45
0.0
1001
ACAD
1000
AcDbSavedByObjectVersion
1070
     0
  0
VISUALSTYLE
  5
34
102
{ACAD_XDICTIONARY
360
4DB
102
}
102
{ACAD_REACTORS
330
29
102
}
330
29
100
AcDbVisualStyle
  2

 70
    11
 71
     2
 72
     2
 73
     0
 90
        0
 40
-0.6
 41
-30.0
 62
     5
 63
     7
 74
     1
 91
        4
 64
     7
 65
   257
 75
     1
175
     1
 42
1.0
 92
        8
 66
     7
 43
1.0
 76
     1
 77
     6
 78
     2
 67
     7
 79
     5
170
     0
171
     0
290
     0
174
     0
 93
        1
 44
-50.0
173
     0
291
     1
 45
0.0
1001
ACAD
1000
AcDbSavedByObjectVersion
1070
     0
  0
VISUALSTYLE
  5
41
102
{ACAD_XDICTIONARY
360
4F5
102
}
102
{ACAD_REACTORS
330
29
102
}
330
29
100
AcDbVisualStyle
  2

 70
    22
 71
     2
 72
     2
 73
     0
 90
        0
 40
-0.6
 41
-30.0
 62
     5
 63
     7
 74
     1
 91
        4
 64
     7
 65
   257
 75
     1
175
     1
 42
1.0
 92
        8
 66
     7
 43
1.0
 76
     1
 77
     6
 78
     2
 67
     7
 79
     5
170
     0
171
     0
290
     0
174
     0
 93
        1
 44
0.0
173
     0
291
     1
 45
0.0
1001
ACAD
1000
AcDbSavedByObjectVersion
1070
     0
  0
VISUALSTYLE
  5
38
102
{ACAD_XDICTIONARY
360
4E3
102
}
102
{ACAD_REACTORS
330
29
102
}
330
29
100
AcDbVisualStyle
  2

 70
    15
 71
     2
 72
     2
 73
     0
 90
        0
 40
-0.6
 41
-30.0
 62
     5
 63
     7
 74
     1
 91
        4
 64
     7
 65
   257
 75
     1
175
     1
 42
1.0
 92
        8
 66
     7
 43
1.0
 76
     1
 77
     6
 78
     2
 67
     7
 79
     5
170
     0
171
     0
290
     0
174
     0
 93
        1
 44
0.0
173
     0
291
     1
 45
0.0
1001
ACAD
1000
AcDbSavedByObjectVersion
1070
     0
  0
VISUALSTYLE
  5
2A
102
{ACAD_XDICTIONARY
360
4C7
102
}
102
{ACAD_REACTORS
330
29
102
}
330
29
100
AcDbVisualStyle
  2

 70
     0
 71
     2
 72
     1
 73
     1
 90
        2
 40
-0.6
 41
30.0
 62
     5
 63
     7
 74
     0
 91
        0
 64
     7
 65
   257
 75
     1
175
     1
 42
1.0
 92
        8
 66
     7
 43
1.0
 76
     1
 77
     6
 78
     2
 67
     7
 79
     5
170
     0
171
     0
290
     0
174
     0
 93
       13
 44
0.0
173
     0
291
     1
 45
0.0
1001
ACAD
1000
AcDbSavedByObjectVersion
1070
     0
  0
VISUALSTYLE
  5
2B
102
{ACAD_XDICTIONARY
360
4C9
102
}
102
{ACAD_REACTORS
330
29
102
}
330
29
100
AcDbVisualStyle
  2

 70
     1
 71
     2
 72
     1
 73
     1
 90
        2
 40
-0.6
 41
30.0
 62
     5
 63
     7
 74
     1
 91
        0
 64
     7
 65
   257
 75
     1
175
     1
 42
1.0
 92
        0
 66
   257
 43
1.0
 76
     1
 77
     6
 78
     2
 67
     7
 79
     5
170
     0
171
     0
290
     0
174
     0
 93
       13
 44
0.0
173
     0
291
     1
 45
0.0
1001
ACAD
1000
AcDbSavedByObjectVersion
1070
     0
  0
VISUALSTYLE
  5
2C
102
{ACAD_XDICTIONARY
360
4CB
102
}
102
{ACAD_REACTORS
330
29
102
}
330
29
100
AcDbVisualStyle
  2

 70
     2
 71
     2
 72
     2
 73
     1
 90
        2
 40
-0.6
 41
30.0
 62
     5
 63
     7
 74
     0
 91
        0
 64
     7
 65
   257
 75
     1
175
     1
 42
1.0
 92
        0
 66
     7
 43
1.0
 76
     1
 77
     6
 78
     2
 67
     7
 79
     5
170
     0
171
     0
290
     0
174
     0
 93
       13
 44
0.0
173
     0
291
     1
 45
0.0
1001
ACAD
1000
AcDbSavedByObjectVersion
1070
     0
  0
VISUALSTYLE
  5
2D
102
{ACAD_XDICTIONARY
360
4CD
102
}
102
{ACAD_REACTORS
330
29
102
}
330
29
100
AcDbVisualStyle
  2

 70
     3
 71
     2
 72
     2
 73
     1
 90
        2
 40
-0.6
 41
30.0
 62
     5
 63
     7
 74
     1
 91
        0
 64
     7
 65
   257
 75
     1
175
     1
 42
1.0
 92
        0
 66
   257
 43
1.0
 76
     1
 77
     6
 78
     2
 67
     7
 79
     5
170
     0
171
     0
290
     0
174
     0
 93
       13
 44
0.0
173
     0
291
     1
 45
0.0
1001
ACAD
1000
AcDbSavedByObjectVersion
1070
     0
  0
VISUALSTYLE
  5
31
102
{ACAD_XDICTIONARY
360
4D5
102
}
102
{ACAD_REACTORS
330
29
102
}
330
29
100
AcDbVisualStyle
  2

 70
     6
 71
     1
 72
     2
 73
     2
 90
        0
 40
-0.6
 41
-30.0
 62
     5
 63
     7
 74
     2
 91
        2
 64
     7
 65
   257
 75
     2
175
     1
 42
40.0
 92
        0
 66
   257
 43
1.0
 76
     1
 77
     6
 78
     2
 67
     7
 79
     3
170
     0
171
     0
290
     0
174
     0
 93
        1
 44
0.0
173
     0
291
     0
 45
0.0
1001
ACAD
1000
AcDbSavedByObjectVersion
1070
     0
  0
VISUALSTYLE
  5
3F
102
{ACAD_XDICTIONARY
360
4F1
102
}
102
{ACAD_REACTORS
330
29
102
}
330
29
100
AcDbVisualStyle
  2

 70
    20
 71
     2
 72
     2
 73
     0
 90
        0
 40
-0.6
 41
-30.0
 62
     5
 63
     7
 74
     1
 91
        4
 64
     7
 65
   257
 75
     1
175
     1
 42
1.0
 92
       10
 66
     7
 43
1.0
 76
     1
 77
     6
 78
     2
 67
     7
 79
     5
170
     0
171
     0
290
     0
174
     0
 93
        1
 44
0.0
173
     0
291
     1
 45
0.0
1001
ACAD
1000
AcDbSavedByObjectVersion
1070
     0
  0
VISUALSTYLE
  5
37
102
{ACAD_XDICTIONARY
360
4E1
102
}
102
{ACAD_REACTORS
330
29
102
}
330
29
100
AcDbVisualStyle
  2

 70
    14
 71
     2
 72
     2
 73
     0
 90
        0
 40
-0.6
 41
-30.0
 62
     5
 63
     7
 74
     1
 91
        4
 64
     7
 65
   257
 75
     7
175
     7
 42
1.0
 92
        8
 66
     7
 43
1.0
 76
     1
 77
     6
 78
     2
 67
     7
 79
     5
170
     0
171
     0
290
     0
174
     0
 93
        1
 44
0.0
173
     0
291
     1
 45
0.0
1001
ACAD
1000
AcDbSavedByObjectVersion
1070
     0
  0
VISUALSTYLE
  5
40
102
{ACAD_XDICTIONARY
360
4F3
102
}
102
{ACAD_REACTORS
330
29
102
}
330
29
100
AcDbVisualStyle
  2

 70
    21
 71
     2
 72
     2
 73
     0
 90
        0
 40
-0.6
 41
-30.0
 62
     5
 63
     7
 74
     1
 91
        4
 64
     7
 65
   257
 75
     1
175
     1
 42
1.0
 92
        9
 66
     7
 43
1.0
 76
     1
 77
     6
 78
     2
 67
     7
 79
     5
170
     0
171
     0
290
     0
174
     0
 93
        1
 44
0.0
173
     0
291
     1
 45
0.0
1001
ACAD
1000
AcDbSavedByObjectVersion
1070
     0
  0
VISUALSTYLE
  5
33
102
{ACAD_XDICTIONARY
360
4D9
102
}
102
{ACAD_REACTORS
330
29
102
}
330
29
100
AcDbVisualStyle
  2

 70
     8
 71
     2
 72
     3
 73
     0
 90
        2
 40
-0.6
 41
30.0
 62
     5
 63
     7
 74
     0
 91
        0
 64
     7
 65
   257
 75
     1
175
     1
 42
1.0
 92
        8
 66
   257
 43
1.0
 76
     1
 77
     6
 78
     2
 67
     7
 79
     3
170
     0
171
     0
290
     0
174
     0
 93
       13
 44
0.0
173
     0
291
     0
 45
0.0
1001
ACAD
1000
AcDbSavedByObjectVersion
1070
     0
  0
VISUALSTYLE
  5
3E
102
{ACAD_XDICTIONARY
360
4EF
102
}
102
{ACAD_REACTORS
330
29
102
}
330
29
100
AcDbVisualStyle
  2

 70
    27
 71
     2
 72
     2
 73
     1
 90
        2
 40
-0.6
 41
30.0
 62
     5
 63
     7
 74
     0
 91
        4
 64
     7
 65
   257
 75
     1
175
     1
 42
1.0
 92
        8
 66
   257
 43
1.0
 76
     1
 77
     6
 78
     2
 67
     8
 79
     3
170
     0
171
     0
290
     0
174
     0
 93
        5
 44
0.0
173
     0
291
     0
 45
0.0
1001
ACAD
1000
AcDbSavedByObjectVersion
1070
     0
  0
VISUALSTYLE
  5
3D
102
{ACAD_XDICTIONARY
360
4ED
102
}
102
{ACAD_REACTORS
330
29
102
}
330
29
100
AcDbVisualStyle
  2

 70
    26
 71
     2
 72
     2
 73
     1
 90
        2
 40
-0.6
 41
30.0
 62
     5
 63
     7
 74
     1
 91
       10
 64
     7
 65
   257
 75
     2
175
     1
 42
1.0
 92
        8
 66
   257
 43
1.0
 76
     1
 77
     6
 78
     2
 67
     7
 79
     3
170
     0
171
     0
290
     0
174
     0
 93
        5
 44
0.0
173
     0
291
     0
 45
0.0
1001
ACAD
1000
AcDbSavedByObjectVersion
1070
     0
  0
VISUALSTYLE
  5
3A
102
{ACAD_XDICTIONARY
360
4E7
102
}
102
{ACAD_REACTORS
330
29
102
}
330
29
100
AcDbVisualStyle
  2

 70
    23
 71
     2
 72
     2
 73
     3
 90
        0
 40
-0.6
 41
-30.0
 62
     5
 63
     7
 74
     2
 91
        2
 64
     7
 65
     7
 75
     1
175
     1
 42
40.0
 92
        8
 66
     7
 43
1.0
 76
     1
 77
     6
 78
     2
 67
     7
 79
     3
170
     0
171
     0
290
     0
174
     0
 93
        1
 44
0.0
173
     0
291
     0
 45
0.0
1001
ACAD
1000
AcDbSavedByObjectVersion
1070
     0
  0
VISUALSTYLE
  5
3B
102
{ACAD_XDICTIONARY
360
4E9
102
}
102
{ACAD_REACTORS
330
29
102
}
330
29
100
AcDbVisualStyle
  2

 70
    24
 71
     1
 72
     2
 73
     2
 90
        0
 40
-0.6
 41
-30.0
 62
     5
 63
     7
 74
     2
 91
        2
 64
     7
 65
     7
 75
     1
175
     1
 42
40.0
 92
       11
 66
     7
 43
1.0
 76
     1
 77
     6
 78
     2
 67
     7
 79
     6
170
     0
171
     0
290
     0
174
     0
 93
        1
 44
0.0
173
     0
291
     0
 45
0.0
1001
ACAD
1000
AcDbSavedByObjectVersion
1070
     0
  0
VISUALSTYLE
  5
36
102
{ACAD_XDICTIONARY
360
4DF
102
}
102
{ACAD_REACTORS
330
29
102
}
330
29
100
AcDbVisualStyle
  2

 70
    13
 71
     2
 72
     2
 73
     0
 90
        0
 40
-0.6
 41
-30.0
 62
     5
 63
     7
 74
     1
 91
        4
 64
     7
 65
   257
 75
     1
175
     1
 42
1.0
 92
       12
 66
     7
 43
1.0
 76
     1
 77
     6
 78
     2
 67
     7
 79
     5
170
     0
171
     0
290
     0
174
     0
 93
        1
 44
0.0
173
     0
291
     1
 45
0.0
1001
ACAD
1000
AcDbSavedByObjectVersion
1070
     0
  0
VISUALSTYLE
  5
30
102
{ACAD_XDICTIONARY
360
4D3
102
}
102
{ACAD_REACTORS
330
29
102
}
330
29
100
AcDbVisualStyle
  2

 70
     5
 71
     0
 72
     2
 73
     0
 90
        0
 40
-0.6
 41
-30.0
 62
     5
 63
     7
 74
     1
 91
        4
 64
     7
 65
   257
 75
     1
175
     1
 42
1.0
 92
        0
 66
   257
 43
1.0
 76
     1
 77
     6
 78
     2
 67
     7
 79
     3
170
     0
171
     0
290
     0
174
     0
 93
        1
 44
0.0
173
     0
291
     0
 45
0.0
1001
ACAD
1000
AcDbSavedByObjectVersion
1070
     0
  0
VISUALSTYLE
  5
3C
102
{ACAD_XDICTIONARY
360
4EB
102
}
102
{ACAD_REACTORS
330
29
102
}
330
29
100
AcDbVisualStyle
  2

 70
    25
 71
     2
 72
     2
 73
     1
 90
        1
 40
0.5
 41
-30.0
 62
     5
 63
     7
 74
     1
 91
        0
 64
     7
 65
   257
 75
     1
175
     1
 42
1.0
 92
        8
 66
     7
 43
1.0
 76
     1
 77
     6
 78
     2
 67
     7
 79
     3
170
     0
171
     0
290
     0
174
     0
 93
       13
 44
0.0
173
     0
291
     0
 45
0.0
1001
ACAD
1000
AcDbSavedByObjectVersion
1070
     0
  0
DICTIONARYVAR
  5
C7
102
{ACAD_REACTORS
330
C4
102
}
330
C4
100
DictionaryVariables
280
     0
  1
1:1
  0
DICTIONARYVAR
  5
C6
102
{ACAD_REACTORS
330
C4
102
}
330
C4
100
DictionaryVariables
280
     0
  1
STANDARD
  0
DICTIONARYVAR
  5
C5
102
{ACAD_REACTORS
330
C4
102
}
330
C4
100
DictionaryVariables
280
     0
  1
STANDARD
  0
DICTIONARYVAR
  5
CA
102
{ACAD_REACTORS
330
C4
102
}
330
C4
100
DictionaryVariables
280
     0
  1
1
  0
DICTIONARYVAR
  5
C9
102
{ACAD_REACTORS
330
C4
102
}
330
C4
100
DictionaryVariables
280
     0
  1
0
  0
DICTIONARYVAR
  5
C8
102
{ACAD_REACTORS
330
C4
102
}
330
C4
100
DictionaryVariables
280
     0
  1
127
  0
DICTIONARYVAR
  5
453
102
{ACAD_REACTORS
330
C4
102
}
330
C4
100
DictionaryVariables
280
     0
  1
2
  0
DICTIONARY
  5
4F8
330
6A
100
AcDbDictionary
280
     1
281
     1
  3
ACAD_XREC_ROUNDTRIP
360
4F9
  0
DICTIONARY
  5
4FA
330
6E
100
AcDbDictionary
280
     1
281
     1
  3
ACAD_XREC_ROUNDTRIP
360
4FB
  0
DICTIONARY
  5
1A
330
19
100
AcDbDictionary
280
     1
281
     1
  3
ACAD_XREC_ROUNDTRIP
360
D2
  3
BUMPTILE
360
1C
  3
DIFFUSETILE
360
1B
  3
OPACITYTILE
360
1F
  3
REFLECTIONTILE
360
1E
  3
REFRACTIONTILE
360
20
  3
SPECULARTILE
360
1D
  0
DICTIONARY
  5
12
330
11
100
AcDbDictionary
280
     1
281
     1
  3
ACAD_XREC_ROUNDTRIP
360
D1
  3
BUMPTILE
360
14
  3
DIFFUSETILE
360
13
  3
OPACITYTILE
360
17
  3
REFLECTIONTILE
360
16
  3
REFRACTIONTILE
360
18
  3
SPECULARTILE
360
15
  0
DICTIONARY
  5
22
330
21
100
AcDbDictionary
280
     1
281
     1
  3
ACAD_XREC_ROUNDTRIP
360
D3
  3
BUMPTILE
360
24
  3
DIFFUSETILE
360
23
  3
OPACITYTILE
360
27
  3
REFLECTIONTILE
360
26
  3
REFRACTIONTILE
360
28
  3
SPECULARTILE
360
25
  0
DICTIONARY
  5
CD
330
64
100
AcDbDictionary
280
     1
281
     1
  3
ACAD_ROUNDTRIP_2008_TABLESTYLE_CELLSTYLEMAP
360
4C4
  3
ACAD_XREC_ROUNDTRIP
360
4F7
  0
DICTIONARY
  5
4D1
330
2F
100
AcDbDictionary
280
     1
281
     1
  3
ACAD_XREC_ROUNDTRIP
360
4D2
  0
DICTIONARY
  5
4CF
330
2E
100
AcDbDictionary
280
     1
281
     1
  3
ACAD_XREC_ROUNDTRIP
360
4D0
  0
DICTIONARY
  5
4DD
330
35
100
AcDbDictionary
280
     1
281
     1
  3
ACAD_XREC_ROUNDTRIP
360
4DE
  0
DICTIONARY
  5
4E5
330
39
100
AcDbDictionary
280
     1
281
     1
  3
ACAD_XREC_ROUNDTRIP
360
4E6
  0
DICTIONARY
  5
4D7
330
32
100
AcDbDictionary
280
     1
281
     1
  3
ACAD_XREC_ROUNDTRIP
360
4D8
  0
DICTIONARY
  5
4DB
330
34
100
AcDbDictionary
280
     1
281
     1
  3
ACAD_XREC_ROUNDTRIP
360
4DC
  0
DICTIONARY
  5
4F5
330
41
100
AcDbDictionary
280
     1
281
     1
  3
ACAD_XREC_ROUNDTRIP
360
4F6
  0
DICTIONARY
  5
4E3
330
38
100
AcDbDictionary
280
     1
281
     1
  3
ACAD_XREC_ROUNDTRIP
360
4E4
  0
DICTIONARY
  5
4C7
330
2A
100
AcDbDictionary
280
     1
281
     1
  3
ACAD_XREC_ROUNDTRIP
360
4C8
  0
DICTIONARY
  5
4C9
330
2B
100
AcDbDictionary
280
     1
281
     1
  3
ACAD_XREC_ROUNDTRIP
360
4CA
  0
DICTIONARY
  5
4CB
330
2C
100
AcDbDictionary
280
     1
281
     1
  3
ACAD_XREC_ROUNDTRIP
360
4CC
  0
DICTIONARY
  5
4CD
330
2D
100
AcDbDictionary
280
     1
281
     1
  3
ACAD_XREC_ROUNDTRIP
360
4CE
  0
DICTIONARY
  5
4D5
330
31
100
AcDbDictionary
280
     1
281
     1
  3
ACAD_XREC_ROUNDTRIP
360
4D6
  0
DICTIONARY
  5
4F1
330
3F
100
AcDbDictionary
280
     1
281
     1
  3
ACAD_XREC_ROUNDTRIP
360
4F2
  0
DICTIONARY
  5
4E1
330
37
100
AcDbDictionary
280
     1
281
     1
  3
ACAD_XREC_ROUNDTRIP
360
4E2
  0
DICTIONARY
  5
4F3
330
40
100
AcDbDictionary
280
     1
281
     1
  3
ACAD_XREC_ROUNDTRIP
360
4F4
  0
DICTIONARY
  5
4D9
330
33
100
AcDbDictionary
280
     1
281
     1
  3
ACAD_XREC_ROUNDTRIP
360
4DA
  0
DICTIONARY
  5
4EF
330
3E
100
AcDbDictionary
280
     1
281
     1
  3
ACAD_XREC_ROUNDTRIP
360
4F0
  0
DICTIONARY
  5
4ED
330
3D
100
AcDbDictionary
280
     1
281
     1
  3
ACAD_XREC_ROUNDTRIP
360
4EE
  0
DICTIONARY
  5
4E7
330
3A
100
AcDbDictionary
280
     1
281
     1
  3
ACAD_XREC_ROUNDTRIP
360
4E8
  0
DICTIONARY
  5
4E9
330
3B
100
AcDbDictionary
280
     1
281
     1
  3
ACAD_XREC_ROUNDTRIP
360
4EA
  0
DICTIONARY
  5
4DF
330
36
100
AcDbDictionary
280
     1
281
     1
  3
ACAD_XREC_ROUNDTRIP
360
4E0
  0
DICTIONARY
  5
4D3
330
30
100
AcDbDictionary
280
     1
281
     1
  3
ACAD_XREC_ROUNDTRIP
360
4D4
  0
DICTIONARY
  5
4EB
330
3C
100
AcDbDictionary
280
     1
281
     1
  3
ACAD_XREC_ROUNDTRIP
360
4EC
  0
XRECORD
  5
4F9
102
{ACAD_REACTORS
330
4F8
102
}
330
4F8
100
AcDbXrecord
280
     1
102
SHADEPLOT
 70
     0
102
SHADEPLOTRESLEVEL
 70
     2
102
SHADEPLOTCUSTOMDPI
 70
   300
  0
XRECORD
  5
4FB
102
{ACAD_REACTORS
330
4FA
102
}
330
4FA
100
AcDbXrecord
280
     1
102
SHADEPLOT
 70
     0
102
SHADEPLOTRESLEVEL
 70
     2
102
SHADEPLOTCUSTOMDPI
 70
   300
  0
XRECORD
  5
D2
102
{ACAD_REACTORS
330
1A
102
}
330
1A
100
AcDbXrecord
280
     1
102
MATERIAL
148
0.0
149
0.0
149
0.0
 93
        0
 94
      127
282
     0
 72
     0
 77
     0
171
     0
175
     0
179
     0
273
     0
  0
XRECORD
  5
1C
102
{ACAD_REACTORS
330
1A
102
}
330
1A
100
AcDbXrecord
280
     1
270
     1
271
     1
  0
XRECORD
  5
1B
102
{ACAD_REACTORS
330
1A
102
}
330
1A
100
AcDbXrecord
280
     1
270
     1
271
     1
  0
XRECORD
  5
1F
102
{ACAD_REACTORS
330
1A
102
}
330
1A
100
AcDbXrecord
280
     1
270
     1
271
     1
  0
XRECORD
  5
1E
102
{ACAD_REACTORS
330
1A
102
}
330
1A
100
AcDbXrecord
280
     1
270
     1
271
     1
  0
XRECORD
  5
20
102
{ACAD_REACTORS
330
1A
102
}
330
1A
100
AcDbXrecord
280
     1
270
     1
271
     1
  0
XRECORD
  5
1D
102
{ACAD_REACTORS
330
1A
102
}
330
1A
100
AcDbXrecord
280
     1
270
     1
271
     1
  0
XRECORD
  5
D1
102
{ACAD_REACTORS
330
12
102
}
330
12
100
AcDbXrecord
280
     1
102
MATERIAL
148
0.0
149
0.0
149
0.0
 93
        0
 94
      127
282
     0
 72
     0
 77
     0
171
     0
175
     0
179
     0
273
     0
  0
XRECORD
  5
14
102
{ACAD_REACTORS
330
12
102
}
330
12
100
AcDbXrecord
280
     1
270
     1
271
     1
  0
XRECORD
  5
13
102
{ACAD_REACTORS
330
12
102
}
330
12
100
AcDbXrecord
280
     1
270
     1
271
     1
  0
XRECORD
  5
17
102
{ACAD_REACTORS
330
12
102
}
330
12
100
AcDbXrecord
280
     1
270
     1
271
     1
  0
XRECORD
  5
16
102
{ACAD_REACTORS
330
12
102
}
330
12
100
AcDbXrecord
280
     1
270
     1
271
     1
  0
XRECORD
  5
18
102
{ACAD_REACTORS
330
12
102
}
330
12
100
AcDbXrecord
280
     1
270
     1
271
     1
  0
XRECORD
  5
15
102
{ACAD_REACTORS
330
12
102
}
330
12
100
AcDbXrecord
280
     1
270
     1
271
     1
  0
XRECORD
  5
D3
102
{ACAD_REACTORS
330
22
102
}
330
22
100
AcDbXrecord
280
     1
102
MATERIAL
148
0.0
149
0.0
149
0.0
 93
        0
 94
      127
282
     0
 72
     0
 77
     0
171
     0
175
     0
179
     0
273
     0
  0
XRECORD
  5
24
102
{ACAD_REACTORS
330
22
102
}
330
22
100
AcDbXrecord
280
     1
270
     1
271
     1
  0
XRECORD
  5
23
102
{ACAD_REACTORS
330
22
102
}
330
22
100
AcDbXrecord
280
     1
270
     1
271
     1
  0
XRECORD
  5
27
102
{ACAD_REACTORS
330
22
102
}
330
22
100
AcDbXrecord
280
     1
270
     1
271
     1
  0
XRECORD
  5
26
102
{ACAD_REACTORS
330
22
102
}
330
22
100
AcDbXrecord
280
     1
270
     1
271
     1
  0
XRECORD
  5
28
102
{ACAD_REACTORS
330
22
102
}
330
22
100
AcDbXrecord
280
     1
270
     1
271
     1
  0
XRECORD
  5
25
102
{ACAD_REACTORS
330
22
102
}
330
22
100
AcDbXrecord
280
     1
270
     1
271
     1
  0
CELLSTYLEMAP
  5
4C4
102
{ACAD_REACTORS
330
CD
102
}
330
CD
100
AcDbCellStyleMap
 90
        3
300
CELLSTYLE
  1
TABLEFORMAT_BEGIN
 90
        5
170
     1
 91
        0
 92
    32768
 62
   257
 93
        1
300
CONTENTFORMAT
  1
CONTENTFORMAT_BEGIN
 90
        0
 91
        0
 92
      512
 93
        0
300

 40
0.0
140
1.0
 94
        5
 62
     0
340
55
144
0.25
309
CONTENTFORMAT_END
171
     1
301
MARGIN
  1
CELLMARGIN_BEGIN
 40
0.06
 40
0.06
 40
0.06
 40
0.06
 40
0.18
 40
0.18
309
CELLMARGIN_END
 94
        6
 95
        1
302
GRIDFORMAT
  1
GRIDFORMAT_BEGIN
 90
        0
 91
        1
 62
     0
 92
       -2
340
0
 93
        0
 40
0.045
309
GRIDFORMAT_END
 95
        2
302
GRIDFORMAT
  1
GRIDFORMAT_BEGIN
 90
        0
 91
        1
 62
     0
 92
       -2
340
0
 93
        0
 40
0.045
309
GRIDFORMAT_END
 95
        4
302
GRIDFORMAT
  1
GRIDFORMAT_BEGIN
 90
        0
 91
        1
 62
     0
 92
       -2
340
0
 93
        0
 40
0.045
309
GRIDFORMAT_END
 95
        8
302
GRIDFORMAT
  1
GRIDFORMAT_BEGIN
 90
        0
 91
        1
 62
     0
 92
       -2
340
0
 93
        0
 40
0.045
309
GRIDFORMAT_END
 95
       16
302
GRIDFORMAT
  1
GRIDFORMAT_BEGIN
 90
        0
 91
        1
 62
     0
 92
       -2
340
0
 93
        0
 40
0.045
309
GRIDFORMAT_END
 95
       32
302
GRIDFORMAT
  1
GRIDFORMAT_BEGIN
 90
        0
 91
        1
 62
     0
 92
       -2
340
0
 93
        0
 40
0.045
309
GRIDFORMAT_END
309
TABLEFORMAT_END
  1
CELLSTYLE_BEGIN
 90
        1
 91
        1
300
_TITLE
309
CELLSTYLE_END
300
CELLSTYLE
  1
TABLEFORMAT_BEGIN
 90
        5
170
     1
 91
        0
 92
        0
 62
   257
 93
        1
300
CONTENTFORMAT
  1
CONTENTFORMAT_BEGIN
 90
        0
 91
        0
 92
      512
 93
        0
300

 40
0.0
140
1.0
 94
        5
 62
     0
340
55
144
0.18
309
CONTENTFORMAT_END
171
     1
301
MARGIN
  1
CELLMARGIN_BEGIN
 40
0.06
 40
0.06
 40
0.06
 40
0.06
 40
0.18
 40
0.18
309
CELLMARGIN_END
 94
        6
 95
        1
302
GRIDFORMAT
  1
GRIDFORMAT_BEGIN
 90
        0
 91
        1
 62
     0
 92
       -2
340
0
 93
        0
 40
0.045
309
GRIDFORMAT_END
 95
        2
302
GRIDFORMAT
  1
GRIDFORMAT_BEGIN
 90
        0
 91
        1
 62
     0
 92
       -2
340
0
 93
        0
 40
0.045
309
GRIDFORMAT_END
 95
        4
302
GRIDFORMAT
  1
GRIDFORMAT_BEGIN
 90
        0
 91
        1
 62
     0
 92
       -2
340
0
 93
        0
 40
0.045
309
GRIDFORMAT_END
 95
        8
302
GRIDFORMAT
  1
GRIDFORMAT_BEGIN
 90
        0
 91
        1
 62
     0
 92
       -2
340
0
 93
        0
 40
0.045
309
GRIDFORMAT_END
 95
       16
302
GRIDFORMAT
  1
GRIDFORMAT_BEGIN
 90
        0
 91
        1
 62
     0
 92
       -2
340
0
 93
        0
 40
0.045
309
GRIDFORMAT_END
 95
       32
302
GRIDFORMAT
  1
GRIDFORMAT_BEGIN
 90
        0
 91
        1
 62
     0
 92
       -2
340
0
 93
        0
 40
0.045
309
GRIDFORMAT_END
309
TABLEFORMAT_END
  1
CELLSTYLE_BEGIN
 90
        2
 91
        1
300
_HEADER
309
CELLSTYLE_END
300
CELLSTYLE
  1
TABLEFORMAT_BEGIN
 90
        5
170
     1
 91
        0
 92
        0
 62
   257
 93
        1
300
CONTENTFORMAT
  1
CONTENTFORMAT_BEGIN
 90
        0
 91
        0
 92
      512
 93
        0
300

 40
0.0
140
1.0
 94
        2
 62
     0
340
55
144
0.18
309
CONTENTFORMAT_END
171
     1
301
MARGIN
  1
CELLMARGIN_BEGIN
 40
0.06
 40
0.06
 40
0.06
 40
0.06
 40
0.18
 40
0.18
309
CELLMARGIN_END
 94
        6
 95
        1
302
GRIDFORMAT
  1
GRIDFORMAT_BEGIN
 90
        0
 91
        1
 62
     0
 92
       -2
340
0
 93
        0
 40
0.045
309
GRIDFORMAT_END
 95
        2
302
GRIDFORMAT
  1
GRIDFORMAT_BEGIN
 90
        0
 91
        1
 62
     0
 92
       -2
340
0
 93
        0
 40
0.045
309
GRIDFORMAT_END
 95
        4
302
GRIDFORMAT
  1
GRIDFORMAT_BEGIN
 90
        0
 91
        1
 62
     0
 92
       -2
340
0
 93
        0
 40
0.045
309
GRIDFORMAT_END
 95
        8
302
GRIDFORMAT
  1
GRIDFORMAT_BEGIN
 90
        0
 91
        1
 62
     0
 92
       -2
340
0
 93
        0
 40
0.045
309
GRIDFORMAT_END
 95
       16
302
GRIDFORMAT
  1
GRIDFORMAT_BEGIN
 90
        0
 91
        1
 62
     0
 92
       -2
340
0
 93
        0
 40
0.045
309
GRIDFORMAT_END
 95
       32
302
GRIDFORMAT
  1
GRIDFORMAT_BEGIN
 90
        0
 91
        1
 62
     0
 92
       -2
340
0
 93
        0
 40
0.045
309
GRIDFORMAT_END
309
TABLEFORMAT_END
  1
CELLSTYLE_BEGIN
 90
        3
 91
        2
300
_DATA
309
CELLSTYLE_END
  0
XRECORD
  5
4F7
102
{ACAD_REACTORS
330
CD
102
}
330
CD
100
AcDbXrecord
280
     1
102
ACAD_ROUNDTRIP_PRE2007_TABLESTYLE
 90
      512
 91
        0
  1

 92
      512
 93
        0
  2

 94
      512
 95
        0
  3

  0
XRECORD
  5
4D2
102
{ACAD_REACTORS
330
4D1
102
}
330
4D1
100
AcDbXrecord
280
     1
102
RTVSPropertyOp0
 70
     1
102
RTVSPropertyOp1
 70
     1
102
RTVSPropertyOp2
 70
     1
102
RTVSPropertyOp3
 70
     1
102
RTVSPropertyOp4
 70
     1
102
RTVSPropertyOp5
 70
     1
102
RTVSPropertyOp6
 70
     1
102
RTVSPropertyOp7
 70
     1
102
RTVSPropertyOp8
 70
     1
102
RTVSPropertyOp9
 70
     1
102
RTVSPropertyOp10
 70
     1
102
RTVSPropertyOp11
 70
     1
102
RTVSPropertyOp12
 70
     1
102
RTVSPropertyOp13
 70
     1
102
RTVSPropertyOp14
 70
     1
102
RTVSPropertyOp15
 70
     1
102
RTVSPropertyOp16
 70
     1
102
RTVSPropertyOp17
 70
     1
102
RTVSPropertyOp18
 70
     1
102
RTVSPropertyOp19
 70
     1
102
RTVSPropertyOp20
 70
     1
102
RTVSPropertyOp21
 70
     1
102
RTVSPropertyOp22
 70
     1
102
RTVSPropertyOp23
 70
     1
102
RTVSPropertyOp24
 70
     1
102
RTVSPropertyOp25
 70
     1
102
RTVSPropertyOp26
 70
     1
102
RTVSPropertyOp27
 70
     1
102
RTVSPropertyOp28
 70
     1
102
RTVSPropertyOp29
 70
     1
102
RTVSPropertyOp30
 70
     1
102
RTVSPropertyOp31
 70
     1
102
RTVSPropertyOp32
 70
     1
  0
XRECORD
  5
4D0
102
{ACAD_REACTORS
330
4CF
102
}
330
4CF
100
AcDbXrecord
280
     1
102
RTVSPropertyOp0
 70
     1
102
RTVSPropertyOp1
 70
     1
102
RTVSPropertyOp2
 70
     1
102
RTVSPropertyOp3
 70
     1
102
RTVSPropertyOp4
 70
     1
102
RTVSPropertyOp5
 70
     1
102
RTVSPropertyOp6
 70
     1
102
RTVSPropertyOp7
 70
     1
102
RTVSPropertyOp8
 70
     1
102
RTVSPropertyOp9
 70
     1
102
RTVSPropertyOp10
 70
     1
102
RTVSPropertyOp11
 70
     1
102
RTVSPropertyOp12
 70
     1
102
RTVSPropertyOp13
 70
     1
102
RTVSPropertyOp14
 70
     1
102
RTVSPropertyOp15
 70
     1
102
RTVSPropertyOp16
 70
     1
102
RTVSPropertyOp17
 70
     1
102
RTVSPropertyOp18
 70
     1
102
RTVSPropertyOp19
 70
     1
102
RTVSPropertyOp20
 70
     1
102
RTVSPropertyOp21
 70
     1
102
RTVSPropertyOp22
 70
     1
102
RTVSPropertyOp23
 70
     1
102
RTVSPropertyOp24
 70
     1
102
RTVSPropertyOp25
 70
     1
102
RTVSPropertyOp26
 70
     1
102
RTVSPropertyOp27
 70
     1
102
RTVSPropertyOp28
 70
     1
102
RTVSPropertyOp29
 70
     1
102
RTVSPropertyOp30
 70
     1
102
RTVSPropertyOp31
 70
     1
102
RTVSPropertyOp32
 70
     1
  0
XRECORD
  5
4DE
102
{ACAD_REACTORS
330
4DD
102
}
330
4DD
100
AcDbXrecord
280
     1
102
RTVSPropertyOp0
 70
     1
102
RTVSPropertyOp1
 70
     1
102
RTVSPropertyOp2
 70
     1
102
RTVSPropertyOp3
 70
     1
102
RTVSPropertyOp4
 70
     1
102
RTVSPropertyOp5
 70
     1
102
RTVSPropertyOp6
 70
     1
102
RTVSPropertyOp7
 70
     1
102
RTVSPropertyOp8
 70
     1
102
RTVSPropertyOp9
 70
     1
102
RTVSPropertyOp10
 70
     1
102
RTVSPropertyOp11
 70
     1
102
RTVSPropertyOp12
 70
     1
102
RTVSPropertyOp13
 70
     1
102
RTVSPropertyOp14
 70
     1
102
RTVSPropertyOp15
 70
     1
102
RTVSPropertyOp16
 70
     1
102
RTVSPropertyOp17
 70
     1
102
RTVSPropertyOp18
 70
     1
102
RTVSPropertyOp19
 70
     1
102
RTVSPropertyOp20
 70
     1
102
RTVSPropertyOp21
 70
     1
102
RTVSPropertyOp22
 70
     1
102
RTVSPropertyOp23
 70
     1
102
RTVSPropertyOp24
 70
     1
102
RTVSPropertyOp25
 70
     1
102
RTVSPropertyOp26
 70
     1
102
RTVSPropertyOp27
 70
     1
102
RTVSPropertyOp28
 70
     1
102
RTVSPropertyOp29
 70
     1
102
RTVSPropertyOp30
 70
     1
102
RTVSPropertyOp31
 70
     1
102
RTVSPropertyOp32
 70
     1
  0
XRECORD
  5
4E6
102
{ACAD_REACTORS
330
4E5
102
}
330
4E5
100
AcDbXrecord
280
     1
102
RTVSPropertyOp0
 70
     1
102
RTVSPropertyOp1
 70
     1
102
RTVSPropertyOp2
 70
     1
102
RTVSPropertyOp3
 70
     1
102
RTVSPropertyOp4
 70
     1
102
RTVSPropertyOp5
 70
     1
102
RTVSPropertyOp6
 70
     1
102
RTVSPropertyOp7
 70
     1
102
RTVSPropertyOp8
 70
     1
102
RTVSPropertyOp9
 70
     1
102
RTVSPropertyOp10
 70
     1
102
RTVSPropertyOp11
 70
     1
102
RTVSPropertyOp12
 70
     1
102
RTVSPropertyOp13
 70
     1
102
RTVSPropertyOp14
 70
     1
102
RTVSPropertyOp15
 70
     1
102
RTVSPropertyOp16
 70
     1
102
RTVSPropertyOp17
 70
     1
102
RTVSPropertyOp18
 70
     1
102
RTVSPropertyOp19
 70
     1
102
RTVSPropertyOp20
 70
     1
102
RTVSPropertyOp21
 70
     1
102
RTVSPropertyOp22
 70
     1
102
RTVSPropertyOp23
 70
     1
102
RTVSPropertyOp24
 70
     1
102
RTVSPropertyOp25
 70
     1
102
RTVSPropertyOp26
 70
     1
102
RTVSPropertyOp27
 70
     1
102
RTVSPropertyOp28
 70
     1
102
RTVSPropertyOp29
 70
     1
102
RTVSPropertyOp30
 70
     1
102
RTVSPropertyOp31
 70
     1
102
RTVSPropertyOp32
 70
     1
  0
XRECORD
  5
4D8
102
{ACAD_REACTORS
330
4D7
102
}
330
4D7
100
AcDbXrecord
280
     1
102
RTVSPropertyOp0
 70
     1
102
RTVSPropertyOp1
 70
     1
102
RTVSPropertyOp2
 70
     1
102
RTVSPropertyOp3
 70
     1
102
RTVSPropertyOp4
 70
     1
102
RTVSPropertyOp5
 70
     1
102
RTVSPropertyOp6
 70
     1
102
RTVSPropertyOp7
 70
     1
102
RTVSPropertyOp8
 70
     1
102
RTVSPropertyOp9
 70
     1
102
RTVSPropertyOp10
 70
     1
102
RTVSPropertyOp11
 70
     1
102
RTVSPropertyOp12
 70
     1
102
RTVSPropertyOp13
 70
     1
102
RTVSPropertyOp14
 70
     1
102
RTVSPropertyOp15
 70
     1
102
RTVSPropertyOp16
 70
     1
102
RTVSPropertyOp17
 70
     1
102
RTVSPropertyOp18
 70
     1
102
RTVSPropertyOp19
 70
     1
102
RTVSPropertyOp20
 70
     1
102
RTVSPropertyOp21
 70
     1
102
RTVSPropertyOp22
 70
     1
102
RTVSPropertyOp23
 70
     1
102
RTVSPropertyOp24
 70
     1
102
RTVSPropertyOp25
 70
     1
102
RTVSPropertyOp26
 70
     1
102
RTVSPropertyOp27
 70
     1
102
RTVSPropertyOp28
 70
     1
102
RTVSPropertyOp29
 70
     1
102
RTVSPropertyOp30
 70
     1
102
RTVSPropertyOp31
 70
     1
102
RTVSPropertyOp32
 70
     1
  0
XRECORD
  5
4DC
102
{ACAD_REACTORS
330
4DB
102
}
330
4DB
100
AcDbXrecord
280
     1
102
RTVSPropertyOp0
 70
     1
102
RTVSPropertyOp1
 70
     1
102
RTVSPropertyOp2
 70
     1
102
RTVSPropertyOp3
 70
     1
102
RTVSPropertyOp4
 70
     1
102
RTVSPropertyOp5
 70
     1
102
RTVSPropertyOp6
 70
     1
102
RTVSPropertyOp7
 70
     1
102
RTVSPropertyOp8
 70
     1
102
RTVSPropertyOp9
 70
     1
102
RTVSPropertyOp10
 70
     1
102
RTVSPropertyOp11
 70
     1
102
RTVSPropertyOp12
 70
     1
102
RTVSPropertyOp13
 70
     1
102
RTVSPropertyOp14
 70
     1
102
RTVSPropertyOp15
 70
     1
102
RTVSPropertyOp16
 70
     1
102
RTVSPropertyOp17
 70
     1
102
RTVSPropertyOp18
 70
     1
102
RTVSPropertyOp19
 70
     1
102
RTVSPropertyOp20
 70
     1
102
RTVSPropertyOp21
 70
     1
102
RTVSPropertyOp22
 70
     1
102
RTVSPropertyOp23
 70
     1
102
RTVSPropertyOp24
 70
     1
102
RTVSPropertyOp25
 70
     1
102
RTVSPropertyOp26
 70
     1
102
RTVSPropertyOp27
 70
     1
102
RTVSPropertyOp28
 70
     1
102
RTVSPropertyOp29
 70
     1
102
RTVSPropertyOp30
 70
     1
102
RTVSPropertyOp31
 70
     1
102
RTVSPropertyOp32
 70
     1
  0
XRECORD
  5
4F6
102
{ACAD_REACTORS
330
4F5
102
}
330
4F5
100
AcDbXrecord
280
     1
102
RTVSPropertyOp0
 70
     0
102
RTVSPropertyOp1
 70
     0
102
RTVSPropertyOp2
 70
     0
102
RTVSPropertyOp3
 70
     0
102
RTVSPropertyOp4
 70
     0
102
RTVSPropertyOp5
 70
     0
102
RTVSPropertyOp6
 70
     0
102
RTVSPropertyOp7
 70
     0
102
RTVSPropertyOp8
 70
     0
102
RTVSPropertyOp9
 70
     0
102
RTVSPropertyOp10
 70
     0
102
RTVSPropertyOp11
 70
     0
102
RTVSPropertyOp12
 70
     0
102
RTVSPropertyOp13
 70
     0
102
RTVSPropertyOp14
 70
     2
102
RTVSPropertyOp15
 70
     0
102
RTVSPropertyOp16
 70
     0
102
RTVSPropertyOp17
 70
     0
102
RTVSPropertyOp18
 70
     0
102
RTVSPropertyOp19
 70
     0
102
RTVSPropertyOp20
 70
     0
102
RTVSPropertyOp21
 70
     0
102
RTVSPropertyOp22
 70
     0
102
RTVSPropertyOp23
 70
     0
102
RTVSPropertyOp24
 70
     0
102
RTVSPropertyOp25
 70
     0
102
RTVSPropertyOp26
 70
     0
102
RTVSPropertyOp27
 70
     0
102
RTVSPropertyOp28
 70
     0
102
RTVSPropertyOp29
 70
     0
102
RTVSPropertyOp30
 70
     0
102
RTVSPropertyOp31
 70
     0
102
RTVSPropertyOp32
 70
     0
  0
XRECORD
  5
4E4
102
{ACAD_REACTORS
330
4E3
102
}
330
4E3
100
AcDbXrecord
280
     1
102
RTVSPropertyOp0
 70
     1
102
RTVSPropertyOp1
 70
     1
102
RTVSPropertyOp2
 70
     1
102
RTVSPropertyOp3
 70
     1
102
RTVSPropertyOp4
 70
     1
102
RTVSPropertyOp5
 70
     1
102
RTVSPropertyOp6
 70
     1
102
RTVSPropertyOp7
 70
     1
102
RTVSPropertyOp8
 70
     1
102
RTVSPropertyOp9
 70
     1
102
RTVSPropertyOp10
 70
     1
102
RTVSPropertyOp11
 70
     1
102
RTVSPropertyOp12
 70
     1
102
RTVSPropertyOp13
 70
     1
102
RTVSPropertyOp14
 70
     1
102
RTVSPropertyOp15
 70
     1
102
RTVSPropertyOp16
 70
     1
102
RTVSPropertyOp17
 70
     1
102
RTVSPropertyOp18
 70
     1
102
RTVSPropertyOp19
 70
     1
102
RTVSPropertyOp20
 70
     1
102
RTVSPropertyOp21
 70
     1
102
RTVSPropertyOp22
 70
     1
102
RTVSPropertyOp23
 70
     1
102
RTVSPropertyOp24
 70
     1
102
RTVSPropertyOp25
 70
     1
102
RTVSPropertyOp26
 70
     1
102
RTVSPropertyOp27
 70
     1
102
RTVSPropertyOp28
 70
     1
102
RTVSPropertyOp29
 70
     1
102
RTVSPropertyOp30
 70
     1
102
RTVSPropertyOp31
 70
     1
102
RTVSPropertyOp32
 70
     1
  0
XRECORD
  5
4C8
102
{ACAD_REACTORS
330
4C7
102
}
330
4C7
100
AcDbXrecord
280
     1
102
RTVSPropertyOp0
 70
     1
102
RTVSPropertyOp1
 70
     1
102
RTVSPropertyOp2
 70
     1
102
RTVSPropertyOp3
 70
     1
102
RTVSPropertyOp4
 70
     1
102
RTVSPropertyOp5
 70
     1
102
RTVSPropertyOp6
 70
     1
102
RTVSPropertyOp7
 70
     1
102
RTVSPropertyOp8
 70
     1
102
RTVSPropertyOp9
 70
     1
102
RTVSPropertyOp10
 70
     1
102
RTVSPropertyOp11
 70
     1
102
RTVSPropertyOp12
 70
     1
102
RTVSPropertyOp13
 70
     1
102
RTVSPropertyOp14
 70
     1
102
RTVSPropertyOp15
 70
     1
102
RTVSPropertyOp16
 70
     1
102
RTVSPropertyOp17
 70
     1
102
RTVSPropertyOp18
 70
     1
102
RTVSPropertyOp19
 70
     1
102
RTVSPropertyOp20
 70
     1
102
RTVSPropertyOp21
 70
     1
102
RTVSPropertyOp22
 70
     1
102
RTVSPropertyOp23
 70
     1
102
RTVSPropertyOp24
 70
     1
102
RTVSPropertyOp25
 70
     1
102
RTVSPropertyOp26
 70
     1
102
RTVSPropertyOp27
 70
     1
102
RTVSPropertyOp28
 70
     1
102
RTVSPropertyOp29
 70
     1
102
RTVSPropertyOp30
 70
     1
102
RTVSPropertyOp31
 70
     1
102
RTVSPropertyOp32
 70
     1
  0
XRECORD
  5
4CA
102
{ACAD_REACTORS
330
4C9
102
}
330
4C9
100
AcDbXrecord
280
     1
102
RTVSPropertyOp0
 70
     1
102
RTVSPropertyOp1
 70
     1
102
RTVSPropertyOp2
 70
     1
102
RTVSPropertyOp3
 70
     1
102
RTVSPropertyOp4
 70
     1
102
RTVSPropertyOp5
 70
     1
102
RTVSPropertyOp6
 70
     1
102
RTVSPropertyOp7
 70
     1
102
RTVSPropertyOp8
 70
     1
102
RTVSPropertyOp9
 70
     1
102
RTVSPropertyOp10
 70
     1
102
RTVSPropertyOp11
 70
     1
102
RTVSPropertyOp12
 70
     1
102
RTVSPropertyOp13
 70
     1
102
RTVSPropertyOp14
 70
     1
102
RTVSPropertyOp15
 70
     1
102
RTVSPropertyOp16
 70
     1
102
RTVSPropertyOp17
 70
     1
102
RTVSPropertyOp18
 70
     1
102
RTVSPropertyOp19
 70
     1
102
RTVSPropertyOp20
 70
     1
102
RTVSPropertyOp21
 70
     1
102
RTVSPropertyOp22
 70
     1
102
RTVSPropertyOp23
 70
     1
102
RTVSPropertyOp24
 70
     1
102
RTVSPropertyOp25
 70
     1
102
RTVSPropertyOp26
 70
     1
102
RTVSPropertyOp27
 70
     1
102
RTVSPropertyOp28
 70
     1
102
RTVSPropertyOp29
 70
     1
102
RTVSPropertyOp30
 70
     1
102
RTVSPropertyOp31
 70
     1
102
RTVSPropertyOp32
 70
     1
  0
XRECORD
  5
4CC
102
{ACAD_REACTORS
330
4CB
102
}
330
4CB
100
AcDbXrecord
280
     1
102
RTVSPropertyOp0
 70
     1
102
RTVSPropertyOp1
 70
     1
102
RTVSPropertyOp2
 70
     1
102
RTVSPropertyOp3
 70
     1
102
RTVSPropertyOp4
 70
     1
102
RTVSPropertyOp5
 70
     1
102
RTVSPropertyOp6
 70
     1
102
RTVSPropertyOp7
 70
     1
102
RTVSPropertyOp8
 70
     1
102
RTVSPropertyOp9
 70
     1
102
RTVSPropertyOp10
 70
     1
102
RTVSPropertyOp11
 70
     1
102
RTVSPropertyOp12
 70
     1
102
RTVSPropertyOp13
 70
     1
102
RTVSPropertyOp14
 70
     1
102
RTVSPropertyOp15
 70
     1
102
RTVSPropertyOp16
 70
     1
102
RTVSPropertyOp17
 70
     1
102
RTVSPropertyOp18
 70
     1
102
RTVSPropertyOp19
 70
     1
102
RTVSPropertyOp20
 70
     1
102
RTVSPropertyOp21
 70
     1
102
RTVSPropertyOp22
 70
     1
102
RTVSPropertyOp23
 70
     1
102
RTVSPropertyOp24
 70
     1
102
RTVSPropertyOp25
 70
     1
102
RTVSPropertyOp26
 70
     1
102
RTVSPropertyOp27
 70
     1
102
RTVSPropertyOp28
 70
     1
102
RTVSPropertyOp29
 70
     1
102
RTVSPropertyOp30
 70
     1
102
RTVSPropertyOp31
 70
     1
102
RTVSPropertyOp32
 70
     1
  0
XRECORD
  5
4CE
102
{ACAD_REACTORS
330
4CD
102
}
330
4CD
100
AcDbXrecord
280
     1
102
RTVSPropertyOp0
 70
     1
102
RTVSPropertyOp1
 70
     1
102
RTVSPropertyOp2
 70
     1
102
RTVSPropertyOp3
 70
     1
102
RTVSPropertyOp4
 70
     1
102
RTVSPropertyOp5
 70
     1
102
RTVSPropertyOp6
 70
     1
102
RTVSPropertyOp7
 70
     1
102
RTVSPropertyOp8
 70
     1
102
RTVSPropertyOp9
 70
     1
102
RTVSPropertyOp10
 70
     1
102
RTVSPropertyOp11
 70
     1
102
RTVSPropertyOp12
 70
     1
102
RTVSPropertyOp13
 70
     1
102
RTVSPropertyOp14
 70
     1
102
RTVSPropertyOp15
 70
     1
102
RTVSPropertyOp16
 70
     1
102
RTVSPropertyOp17
 70
     1
102
RTVSPropertyOp18
 70
     1
102
RTVSPropertyOp19
 70
     1
102
RTVSPropertyOp20
 70
     1
102
RTVSPropertyOp21
 70
     1
102
RTVSPropertyOp22
 70
     1
102
RTVSPropertyOp23
 70
     1
102
RTVSPropertyOp24
 70
     1
102
RTVSPropertyOp25
 70
     1
102
RTVSPropertyOp26
 70
     1
102
RTVSPropertyOp27
 70
     1
102
RTVSPropertyOp28
 70
     1
102
RTVSPropertyOp29
 70
     1
102
RTVSPropertyOp30
 70
     1
102
RTVSPropertyOp31
 70
     1
102
RTVSPropertyOp32
 70
     1
  0
XRECORD
  5
4D6
102
{ACAD_REACTORS
330
4D5
102
}
330
4D5
100
AcDbXrecord
280
     1
102
RTVSPropertyOp0
 70
     1
102
RTVSPropertyOp1
 70
     1
102
RTVSPropertyOp2
 70
     1
102
RTVSPropertyOp3
 70
     1
102
RTVSPropertyOp4
 70
     1
102
RTVSPropertyOp5
 70
     1
102
RTVSPropertyOp6
 70
     1
102
RTVSPropertyOp7
 70
     1
102
RTVSPropertyOp8
 70
     1
102
RTVSPropertyOp9
 70
     1
102
RTVSPropertyOp10
 70
     1
102
RTVSPropertyOp11
 70
     1
102
RTVSPropertyOp12
 70
     1
102
RTVSPropertyOp13
 70
     1
102
RTVSPropertyOp14
 70
     1
102
RTVSPropertyOp15
 70
     1
102
RTVSPropertyOp16
 70
     1
102
RTVSPropertyOp17
 70
     1
102
RTVSPropertyOp18
 70
     1
102
RTVSPropertyOp19
 70
     1
102
RTVSPropertyOp20
 70
     1
102
RTVSPropertyOp21
 70
     1
102
RTVSPropertyOp22
 70
     1
102
RTVSPropertyOp23
 70
     1
102
RTVSPropertyOp24
 70
     1
102
RTVSPropertyOp25
 70
     1
102
RTVSPropertyOp26
 70
     1
102
RTVSPropertyOp27
 70
     1
102
RTVSPropertyOp28
 70
     1
102
RTVSPropertyOp29
 70
     1
102
RTVSPropertyOp30
 70
     1
102
RTVSPropertyOp31
 70
     1
102
RTVSPropertyOp32
 70
     1
  0
XRECORD
  5
4F2
102
{ACAD_REACTORS
330
4F1
102
}
330
4F1
100
AcDbXrecord
280
     1
102
RTVSPropertyOp0
 70
     0
102
RTVSPropertyOp1
 70
     0
102
RTVSPropertyOp2
 70
     0
102
RTVSPropertyOp3
 70
     0
102
RTVSPropertyOp4
 70
     0
102
RTVSPropertyOp5
 70
     0
102
RTVSPropertyOp6
 70
     0
102
RTVSPropertyOp7
 70
     0
102
RTVSPropertyOp8
 70
     0
102
RTVSPropertyOp9
 70
     0
102
RTVSPropertyOp10
 70
     0
102
RTVSPropertyOp11
 70
     0
102
RTVSPropertyOp12
 70
     0
102
RTVSPropertyOp13
 70
     0
102
RTVSPropertyOp14
 70
     2
102
RTVSPropertyOp15
 70
     0
102
RTVSPropertyOp16
 70
     0
102
RTVSPropertyOp17
 70
     0
102
RTVSPropertyOp18
 70
     0
102
RTVSPropertyOp19
 70
     0
102
RTVSPropertyOp20
 70
     0
102
RTVSPropertyOp21
 70
     0
102
RTVSPropertyOp22
 70
     0
102
RTVSPropertyOp23
 70
     0
102
RTVSPropertyOp24
 70
     0
102
RTVSPropertyOp25
 70
     0
102
RTVSPropertyOp26
 70
     0
102
RTVSPropertyOp27
 70
     0
102
RTVSPropertyOp28
 70
     0
102
RTVSPropertyOp29
 70
     0
102
RTVSPropertyOp30
 70
     0
102
RTVSPropertyOp31
 70
     0
102
RTVSPropertyOp32
 70
     0
  0
XRECORD
  5
4E2
102
{ACAD_REACTORS
330
4E1
102
}
330
4E1
100
AcDbXrecord
280
     1
102
RTVSPropertyOp0
 70
     1
102
RTVSPropertyOp1
 70
     1
102
RTVSPropertyOp2
 70
     1
102
RTVSPropertyOp3
 70
     1
102
RTVSPropertyOp4
 70
     1
102
RTVSPropertyOp5
 70
     1
102
RTVSPropertyOp6
 70
     1
102
RTVSPropertyOp7
 70
     1
102
RTVSPropertyOp8
 70
     1
102
RTVSPropertyOp9
 70
     1
102
RTVSPropertyOp10
 70
     1
102
RTVSPropertyOp11
 70
     1
102
RTVSPropertyOp12
 70
     1
102
RTVSPropertyOp13
 70
     1
102
RTVSPropertyOp14
 70
     1
102
RTVSPropertyOp15
 70
     1
102
RTVSPropertyOp16
 70
     1
102
RTVSPropertyOp17
 70
     1
102
RTVSPropertyOp18
 70
     1
102
RTVSPropertyOp19
 70
     1
102
RTVSPropertyOp20
 70
     1
102
RTVSPropertyOp21
 70
     1
102
RTVSPropertyOp22
 70
     1
102
RTVSPropertyOp23
 70
     1
102
RTVSPropertyOp24
 70
     1
102
RTVSPropertyOp25
 70
     1
102
RTVSPropertyOp26
 70
     1
102
RTVSPropertyOp27
 70
     1
102
RTVSPropertyOp28
 70
     1
102
RTVSPropertyOp29
 70
     1
102
RTVSPropertyOp30
 70
     1
102
RTVSPropertyOp31
 70
     1
102
RTVSPropertyOp32
 70
     1
  0
XRECORD
  5
4F4
102
{ACAD_REACTORS
330
4F3
102
}
330
4F3
100
AcDbXrecord
280
     1
102
RTVSPropertyOp0
 70
     0
102
RTVSPropertyOp1
 70
     0
102
RTVSPropertyOp2
 70
     0
102
RTVSPropertyOp3
 70
     0
102
RTVSPropertyOp4
 70
     0
102
RTVSPropertyOp5
 70
     0
102
RTVSPropertyOp6
 70
     0
102
RTVSPropertyOp7
 70
     0
102
RTVSPropertyOp8
 70
     0
102
RTVSPropertyOp9
 70
     0
102
RTVSPropertyOp10
 70
     0
102
RTVSPropertyOp11
 70
     0
102
RTVSPropertyOp12
 70
     0
102
RTVSPropertyOp13
 70
     0
102
RTVSPropertyOp14
 70
     2
102
RTVSPropertyOp15
 70
     0
102
RTVSPropertyOp16
 70
     0
102
RTVSPropertyOp17
 70
     0
102
RTVSPropertyOp18
 70
     0
102
RTVSPropertyOp19
 70
     0
102
RTVSPropertyOp20
 70
     0
102
RTVSPropertyOp21
 70
     0
102
RTVSPropertyOp22
 70
     0
102
RTVSPropertyOp23
 70
     0
102
RTVSPropertyOp24
 70
     0
102
RTVSPropertyOp25
 70
     0
102
RTVSPropertyOp26
 70
     0
102
RTVSPropertyOp27
 70
     0
102
RTVSPropertyOp28
 70
     0
102
RTVSPropertyOp29
 70
     0
102
RTVSPropertyOp30
 70
     0
102
RTVSPropertyOp31
 70
     0
102
RTVSPropertyOp32
 70
     0
  0
XRECORD
  5
4DA
102
{ACAD_REACTORS
330
4D9
102
}
330
4D9
100
AcDbXrecord
280
     1
102
RTVSPropertyOp0
 70
     1
102
RTVSPropertyOp1
 70
     1
102
RTVSPropertyOp2
 70
     1
102
RTVSPropertyOp3
 70
     1
102
RTVSPropertyOp4
 70
     1
102
RTVSPropertyOp5
 70
     1
102
RTVSPropertyOp6
 70
     1
102
RTVSPropertyOp7
 70
     1
102
RTVSPropertyOp8
 70
     1
102
RTVSPropertyOp9
 70
     1
102
RTVSPropertyOp10
 70
     1
102
RTVSPropertyOp11
 70
     1
102
RTVSPropertyOp12
 70
     1
102
RTVSPropertyOp13
 70
     1
102
RTVSPropertyOp14
 70
     1
102
RTVSPropertyOp15
 70
     1
102
RTVSPropertyOp16
 70
     1
102
RTVSPropertyOp17
 70
     1
102
RTVSPropertyOp18
 70
     1
102
RTVSPropertyOp19
 70
     1
102
RTVSPropertyOp20
 70
     1
102
RTVSPropertyOp21
 70
     1
102
RTVSPropertyOp22
 70
     1
102
RTVSPropertyOp23
 70
     1
102
RTVSPropertyOp24
 70
     1
102
RTVSPropertyOp25
 70
     1
102
RTVSPropertyOp26
 70
     1
102
RTVSPropertyOp27
 70
     1
102
RTVSPropertyOp28
 70
     1
102
RTVSPropertyOp29
 70
     1
102
RTVSPropertyOp30
 70
     1
102
RTVSPropertyOp31
 70
     1
102
RTVSPropertyOp32
 70
     1
  0
XRECORD
  5
4F0
102
{ACAD_REACTORS
330
4EF
102
}
330
4EF
100
AcDbXrecord
280
     1
102
RTVSPropertyOp0
 70
     1
102
RTVSPropertyOp1
 70
     1
102
RTVSPropertyOp2
 70
     1
102
RTVSPropertyOp3
 70
     1
102
RTVSPropertyOp4
 70
     1
102
RTVSPropertyOp5
 70
     1
102
RTVSPropertyOp6
 70
     1
102
RTVSPropertyOp7
 70
     1
102
RTVSPropertyOp8
 70
     1
102
RTVSPropertyOp9
 70
     1
102
RTVSPropertyOp10
 70
     1
102
RTVSPropertyOp11
 70
     1
102
RTVSPropertyOp12
 70
     1
102
RTVSPropertyOp13
 70
     1
102
RTVSPropertyOp14
 70
     1
102
RTVSPropertyOp15
 70
     1
102
RTVSPropertyOp16
 70
     1
102
RTVSPropertyOp17
 70
     1
102
RTVSPropertyOp18
 70
     1
102
RTVSPropertyOp19
 70
     1
102
RTVSPropertyOp20
 70
     1
102
RTVSPropertyOp21
 70
     1
102
RTVSPropertyOp22
 70
     1
102
RTVSPropertyOp23
 70
     1
102
RTVSPropertyOp24
 70
     1
102
RTVSPropertyOp25
 70
     1
102
RTVSPropertyOp26
 70
     1
102
RTVSPropertyOp27
 70
     1
102
RTVSPropertyOp28
 70
     1
102
RTVSPropertyOp29
 70
     1
102
RTVSPropertyOp30
 70
     1
102
RTVSPropertyOp31
 70
     1
102
RTVSPropertyOp32
 70
     1
  0
XRECORD
  5
4EE
102
{ACAD_REACTORS
330
4ED
102
}
330
4ED
100
AcDbXrecord
280
     1
102
RTVSPropertyOp0
 70
     1
102
RTVSPropertyOp1
 70
     1
102
RTVSPropertyOp2
 70
     1
102
RTVSPropertyOp3
 70
     1
102
RTVSPropertyOp4
 70
     1
102
RTVSPropertyOp5
 70
     1
102
RTVSPropertyOp6
 70
     1
102
RTVSPropertyOp7
 70
     1
102
RTVSPropertyOp8
 70
     1
102
RTVSPropertyOp9
 70
     1
102
RTVSPropertyOp10
 70
     1
102
RTVSPropertyOp11
 70
     1
102
RTVSPropertyOp12
 70
     1
102
RTVSPropertyOp13
 70
     1
102
RTVSPropertyOp14
 70
     1
102
RTVSPropertyOp15
 70
     1
102
RTVSPropertyOp16
 70
     1
102
RTVSPropertyOp17
 70
     1
102
RTVSPropertyOp18
 70
     1
102
RTVSPropertyOp19
 70
     1
102
RTVSPropertyOp20
 70
     1
102
RTVSPropertyOp21
 70
     1
102
RTVSPropertyOp22
 70
     1
102
RTVSPropertyOp23
 70
     1
102
RTVSPropertyOp24
 70
     1
102
RTVSPropertyOp25
 70
     1
102
RTVSPropertyOp26
 70
     1
102
RTVSPropertyOp27
 70
     1
102
RTVSPropertyOp28
 70
     1
102
RTVSPropertyOp29
 70
     1
102
RTVSPropertyOp30
 70
     1
102
RTVSPropertyOp31
 70
     1
102
RTVSPropertyOp32
 70
     1
  0
XRECORD
  5
4E8
102
{ACAD_REACTORS
330
4E7
102
}
330
4E7
100
AcDbXrecord
280
     1
102
RTVSPropertyOp0
 70
     1
102
RTVSPropertyOp1
 70
     1
102
RTVSPropertyOp2
 70
     1
102
RTVSPropertyOp3
 70
     1
102
RTVSPropertyOp4
 70
     1
102
RTVSPropertyOp5
 70
     1
102
RTVSPropertyOp6
 70
     1
102
RTVSPropertyOp7
 70
     1
102
RTVSPropertyOp8
 70
     1
102
RTVSPropertyOp9
 70
     1
102
RTVSPropertyOp10
 70
     1
102
RTVSPropertyOp11
 70
     1
102
RTVSPropertyOp12
 70
     1
102
RTVSPropertyOp13
 70
     1
102
RTVSPropertyOp14
 70
     1
102
RTVSPropertyOp15
 70
     1
102
RTVSPropertyOp16
 70
     1
102
RTVSPropertyOp17
 70
     1
102
RTVSPropertyOp18
 70
     1
102
RTVSPropertyOp19
 70
     1
102
RTVSPropertyOp20
 70
     1
102
RTVSPropertyOp21
 70
     1
102
RTVSPropertyOp22
 70
     1
102
RTVSPropertyOp23
 70
     1
102
RTVSPropertyOp24
 70
     1
102
RTVSPropertyOp25
 70
     1
102
RTVSPropertyOp26
 70
     1
102
RTVSPropertyOp27
 70
     1
102
RTVSPropertyOp28
 70
     1
102
RTVSPropertyOp29
 70
     1
102
RTVSPropertyOp30
 70
     1
102
RTVSPropertyOp31
 70
     1
102
RTVSPropertyOp32
 70
     1
  0
XRECORD
  5
4EA
102
{ACAD_REACTORS
330
4E9
102
}
330
4E9
100
AcDbXrecord
280
     1
102
RTVSPropertyOp0
 70
     1
102
RTVSPropertyOp1
 70
     1
102
RTVSPropertyOp2
 70
     1
102
RTVSPropertyOp3
 70
     1
102
RTVSPropertyOp4
 70
     1
102
RTVSPropertyOp5
 70
     1
102
RTVSPropertyOp6
 70
     1
102
RTVSPropertyOp7
 70
     1
102
RTVSPropertyOp8
 70
     1
102
RTVSPropertyOp9
 70
     1
102
RTVSPropertyOp10
 70
     1
102
RTVSPropertyOp11
 70
     1
102
RTVSPropertyOp12
 70
     1
102
RTVSPropertyOp13
 70
     1
102
RTVSPropertyOp14
 70
     1
102
RTVSPropertyOp15
 70
     1
102
RTVSPropertyOp16
 70
     1
102
RTVSPropertyOp17
 70
     1
102
RTVSPropertyOp18
 70
     1
102
RTVSPropertyOp19
 70
     1
102
RTVSPropertyOp20
 70
     1
102
RTVSPropertyOp21
 70
     1
102
RTVSPropertyOp22
 70
     1
102
RTVSPropertyOp23
 70
     1
102
RTVSPropertyOp24
 70
     1
102
RTVSPropertyOp25
 70
     1
102
RTVSPropertyOp26
 70
     1
102
RTVSPropertyOp27
 70
     1
102
RTVSPropertyOp28
 70
     1
102
RTVSPropertyOp29
 70
     1
102
RTVSPropertyOp30
 70
     1
102
RTVSPropertyOp31
 70
     1
102
RTVSPropertyOp32
 70
     1
  0
XRECORD
  5
4E0
102
{ACAD_REACTORS
330
4DF
102
}
330
4DF
100
AcDbXrecord
280
     1
102
RTVSPropertyOp0
 70
     1
102
RTVSPropertyOp1
 70
     1
102
RTVSPropertyOp2
 70
     1
102
RTVSPropertyOp3
 70
     1
102
RTVSPropertyOp4
 70
     1
102
RTVSPropertyOp5
 70
     1
102
RTVSPropertyOp6
 70
     1
102
RTVSPropertyOp7
 70
     1
102
RTVSPropertyOp8
 70
     1
102
RTVSPropertyOp9
 70
     1
102
RTVSPropertyOp10
 70
     1
102
RTVSPropertyOp11
 70
     1
102
RTVSPropertyOp12
 70
     1
102
RTVSPropertyOp13
 70
     1
102
RTVSPropertyOp14
 70
     1
102
RTVSPropertyOp15
 70
     1
102
RTVSPropertyOp16
 70
     1
102
RTVSPropertyOp17
 70
     1
102
RTVSPropertyOp18
 70
     1
102
RTVSPropertyOp19
 70
     1
102
RTVSPropertyOp20
 70
     1
102
RTVSPropertyOp21
 70
     1
102
RTVSPropertyOp22
 70
     1
102
RTVSPropertyOp23
 70
     1
102
RTVSPropertyOp24
 70
     1
102
RTVSPropertyOp25
 70
     1
102
RTVSPropertyOp26
 70
     1
102
RTVSPropertyOp27
 70
     1
102
RTVSPropertyOp28
 70
     1
102
RTVSPropertyOp29
 70
     1
102
RTVSPropertyOp30
 70
     1
102
RTVSPropertyOp31
 70
     1
102
RTVSPropertyOp32
 70
     1
  0
XRECORD
  5
4D4
102
{ACAD_REACTORS
330
4D3
102
}
330
4D3
100
AcDbXrecord
280
     1
102
RTVSPropertyOp0
 70
     1
102
RTVSPropertyOp1
 70
     1
102
RTVSPropertyOp2
 70
     1
102
RTVSPropertyOp3
 70
     1
102
RTVSPropertyOp4
 70
     1
102
RTVSPropertyOp5
 70
     1
102
RTVSPropertyOp6
 70
     1
102
RTVSPropertyOp7
 70
     1
102
RTVSPropertyOp8
 70
     1
102
RTVSPropertyOp9
 70
     1
102
RTVSPropertyOp10
 70
     1
102
RTVSPropertyOp11
 70
     1
102
RTVSPropertyOp12
 70
     1
102
RTVSPropertyOp13
 70
     1
102
RTVSPropertyOp14
 70
     1
102
RTVSPropertyOp15
 70
     1
102
RTVSPropertyOp16
 70
     1
102
RTVSPropertyOp17
 70
     1
102
RTVSPropertyOp18
 70
     1
102
RTVSPropertyOp19
 70
     1
102
RTVSPropertyOp20
 70
     1
102
RTVSPropertyOp21
 70
     1
102
RTVSPropertyOp22
 70
     1
102
RTVSPropertyOp23
 70
     1
102
RTVSPropertyOp24
 70
     1
102
RTVSPropertyOp25
 70
     1
102
RTVSPropertyOp26
 70
     1
102
RTVSPropertyOp27
 70
     1
102
RTVSPropertyOp28
 70
     1
102
RTVSPropertyOp29
 70
     1
102
RTVSPropertyOp30
 70
     1
102
RTVSPropertyOp31
 70
     1
102
RTVSPropertyOp32
 70
     1
  0
XRECORD
  5
4EC
102
{ACAD_REACTORS
330
4EB
102
}
330
4EB
100
AcDbXrecord
280
     1
102
RTVSPropertyOp0
 70
     1
102
RTVSPropertyOp1
 70
     1
102
RTVSPropertyOp2
 70
     1
102
RTVSPropertyOp3
 70
     1
102
RTVSPropertyOp4
 70
     1
102
RTVSPropertyOp5
 70
     1
102
RTVSPropertyOp6
 70
     1
102
RTVSPropertyOp7
 70
     1
102
RTVSPropertyOp8
 70
     1
102
RTVSPropertyOp9
 70
     1
102
RTVSPropertyOp10
 70
     1
102
RTVSPropertyOp11
 70
     1
102
RTVSPropertyOp12
 70
     1
102
RTVSPropertyOp13
 70
     1
102
RTVSPropertyOp14
 70
     1
102
RTVSPropertyOp15
 70
     1
102
RTVSPropertyOp16
 70
     1
102
RTVSPropertyOp17
 70
     1
102
RTVSPropertyOp18
 70
     1
102
RTVSPropertyOp19
 70
     1
102
RTVSPropertyOp20
 70
     1
102
RTVSPropertyOp21
 70
     1
102
RTVSPropertyOp22
 70
     1
102
RTVSPropertyOp23
 70
     1
102
RTVSPropertyOp24
 70
     1
102
RTVSPropertyOp25
 70
     1
102
RTVSPropertyOp26
 70
     1
102
RTVSPropertyOp27
 70
     1
102
RTVSPropertyOp28
 70
     1
102
RTVSPropertyOp29
 70
     1
102
RTVSPropertyOp30
 70
     1
102
RTVSPropertyOp31
 70
     1
102
RTVSPropertyOp32
 70
     1
  0
ENDSEC
  0
EOF
